Matrix Size,Threads,Function,Implementation,Execution Time
16,1,SYMMETRY,OMP,0.000069525
16,1,TRANSPOSITION,OMP,0.000004329
16,1,SYMMETRY,OMP,0.000039294
16,1,TRANSPOSITION,OMP,0.000003856
16,1,SYMMETRY,OMP,0.000038903
16,1,TRANSPOSITION,OMP,0.000004116
16,1,SYMMETRY,OMP,0.000038620
16,1,TRANSPOSITION,OMP,0.000003990
16,1,SYMMETRY,OMP,0.000012577
16,1,TRANSPOSITION,OMP,0.000001144
16,1,SYMMETRY,OMP,0.000012420
16,1,TRANSPOSITION,OMP,0.000001129
16,1,SYMMETRY,OMP,0.000012651
16,1,TRANSPOSITION,OMP,0.000001162
16,1,SYMMETRY,OMP,0.000012536
16,1,TRANSPOSITION,OMP,0.000001136
16,1,SYMMETRY,OMP,0.000012409
16,1,TRANSPOSITION,OMP,0.000001162
16,1,SYMMETRY,OMP,0.000012539
16,1,TRANSPOSITION,OMP,0.000001159
16,1,SYMMETRY,OMP,0.000012357
16,1,TRANSPOSITION,OMP,0.000001144
16,1,SYMMETRY,OMP,0.000012312
16,1,TRANSPOSITION,OMP,0.000001136
16,1,SYMMETRY,OMP,0.000012346
16,1,TRANSPOSITION,OMP,0.000001144
16,1,SYMMETRY,OMP,0.000014022
16,1,TRANSPOSITION,OMP,0.000001155
16,1,SYMMETRY,OMP,0.000012398
16,1,TRANSPOSITION,OMP,0.000001144
16,1,TRANSPOSITION,OMP,0.000001401
16,1,TRANSPOSITION,OMP,0.000001378
16,1,TRANSPOSITION,OMP,0.000001471
16,1,TRANSPOSITION,OMP,0.000001483
16,1,TRANSPOSITION,OMP,0.000001382
16,1,TRANSPOSITION,OMP,0.000001442
16,1,TRANSPOSITION,OMP,0.000001490
16,1,TRANSPOSITION,OMP,0.000001375
16,1,TRANSPOSITION,OMP,0.000001423
16,1,TRANSPOSITION,OMP,0.000001516
16,1,TRANSPOSITION,OMP,0.000001442
16,1,TRANSPOSITION,OMP,0.000001259
16,1,TRANSPOSITION,OMP,0.000001360
16,1,TRANSPOSITION,OMP,0.000001777
16,1,TRANSPOSITION,OMP,0.000001308
32,1,SYMMETRY,OMP,0.000025559
32,1,TRANSPOSITION,OMP,0.000003170
32,1,SYMMETRY,OMP,0.000025030
32,1,TRANSPOSITION,OMP,0.000003148
32,1,SYMMETRY,OMP,0.000025045
32,1,TRANSPOSITION,OMP,0.000003047
32,1,SYMMETRY,OMP,0.000024628
32,1,TRANSPOSITION,OMP,0.000003032
32,1,SYMMETRY,OMP,0.000024617
32,1,TRANSPOSITION,OMP,0.000003055
32,1,SYMMETRY,OMP,0.000024594
32,1,TRANSPOSITION,OMP,0.000003021
32,1,SYMMETRY,OMP,0.000024609
32,1,TRANSPOSITION,OMP,0.000003032
32,1,SYMMETRY,OMP,0.000024647
32,1,TRANSPOSITION,OMP,0.000003044
32,1,SYMMETRY,OMP,0.000025358
32,1,TRANSPOSITION,OMP,0.000003017
32,1,SYMMETRY,OMP,0.000025183
32,1,TRANSPOSITION,OMP,0.000003055
32,1,SYMMETRY,OMP,0.000025045
32,1,TRANSPOSITION,OMP,0.000003073
32,1,SYMMETRY,OMP,0.000025261
32,1,TRANSPOSITION,OMP,0.000003047
32,1,SYMMETRY,OMP,0.000024933
32,1,TRANSPOSITION,OMP,0.000003055
32,1,SYMMETRY,OMP,0.000024978
32,1,TRANSPOSITION,OMP,0.000003058
32,1,SYMMETRY,OMP,0.000025164
32,1,TRANSPOSITION,OMP,0.000003066
32,1,TRANSPOSITION,OMP,0.000003334
32,1,TRANSPOSITION,OMP,0.000003383
32,1,TRANSPOSITION,OMP,0.000003420
32,1,TRANSPOSITION,OMP,0.000003323
32,1,TRANSPOSITION,OMP,0.000003297
32,1,TRANSPOSITION,OMP,0.000003260
32,1,TRANSPOSITION,OMP,0.000003245
32,1,TRANSPOSITION,OMP,0.000003323
32,1,TRANSPOSITION,OMP,0.000003111
32,1,TRANSPOSITION,OMP,0.000003271
32,1,TRANSPOSITION,OMP,0.000003140
32,1,TRANSPOSITION,OMP,0.000003286
32,1,TRANSPOSITION,OMP,0.000003252
32,1,TRANSPOSITION,OMP,0.000003356
32,1,TRANSPOSITION,OMP,0.000003401
64,1,SYMMETRY,OMP,0.000052415
64,1,TRANSPOSITION,OMP,0.000010978
64,1,SYMMETRY,OMP,0.000050858
64,1,TRANSPOSITION,OMP,0.000010543
64,1,SYMMETRY,OMP,0.000050664
64,1,TRANSPOSITION,OMP,0.000010591
64,1,SYMMETRY,OMP,0.000050575
64,1,TRANSPOSITION,OMP,0.000010379
64,1,SYMMETRY,OMP,0.000050746
64,1,TRANSPOSITION,OMP,0.000010509
64,1,SYMMETRY,OMP,0.000050575
64,1,TRANSPOSITION,OMP,0.000010498
64,1,SYMMETRY,OMP,0.000050552
64,1,TRANSPOSITION,OMP,0.000010584
64,1,SYMMETRY,OMP,0.000050534
64,1,TRANSPOSITION,OMP,0.000010442
64,1,SYMMETRY,OMP,0.000050660
64,1,TRANSPOSITION,OMP,0.000010654
64,1,SYMMETRY,OMP,0.000050675
64,1,TRANSPOSITION,OMP,0.000010543
64,1,SYMMETRY,OMP,0.000050653
64,1,TRANSPOSITION,OMP,0.000010569
64,1,SYMMETRY,OMP,0.000050843
64,1,TRANSPOSITION,OMP,0.000010509
64,1,SYMMETRY,OMP,0.000051804
64,1,TRANSPOSITION,OMP,0.000015814
64,1,SYMMETRY,OMP,0.000050738
64,1,TRANSPOSITION,OMP,0.000010487
64,1,SYMMETRY,OMP,0.000051580
64,1,TRANSPOSITION,OMP,0.000010498
64,1,TRANSPOSITION,OMP,0.000010852
64,1,TRANSPOSITION,OMP,0.000010651
64,1,TRANSPOSITION,OMP,0.000010762
64,1,TRANSPOSITION,OMP,0.000010710
64,1,TRANSPOSITION,OMP,0.000010666
64,1,TRANSPOSITION,OMP,0.000011053
64,1,TRANSPOSITION,OMP,0.000010602
64,1,TRANSPOSITION,OMP,0.000010788
64,1,TRANSPOSITION,OMP,0.000010755
64,1,TRANSPOSITION,OMP,0.000010692
64,1,TRANSPOSITION,OMP,0.000010714
64,1,TRANSPOSITION,OMP,0.000010867
64,1,TRANSPOSITION,OMP,0.000011202
64,1,TRANSPOSITION,OMP,0.000010502
64,1,TRANSPOSITION,OMP,0.000010502
128,1,SYMMETRY,OMP,0.000114962
128,1,TRANSPOSITION,OMP,0.000041977
128,1,SYMMETRY,OMP,0.000114106
128,1,TRANSPOSITION,OMP,0.000041865
128,1,SYMMETRY,OMP,0.000114080
128,1,TRANSPOSITION,OMP,0.000041764
128,1,SYMMETRY,OMP,0.000113491
128,1,TRANSPOSITION,OMP,0.000041787
128,1,SYMMETRY,OMP,0.000114202
128,1,TRANSPOSITION,OMP,0.000041965
128,1,SYMMETRY,OMP,0.000111893
128,1,TRANSPOSITION,OMP,0.000041928
128,1,SYMMETRY,OMP,0.000111233
128,1,TRANSPOSITION,OMP,0.000041813
128,1,SYMMETRY,OMP,0.000111241
128,1,TRANSPOSITION,OMP,0.000041679
128,1,SYMMETRY,OMP,0.000111293
128,1,TRANSPOSITION,OMP,0.000041839
128,1,SYMMETRY,OMP,0.000111036
128,1,TRANSPOSITION,OMP,0.000041924
128,1,SYMMETRY,OMP,0.000110999
128,1,TRANSPOSITION,OMP,0.000041854
128,1,SYMMETRY,OMP,0.000111338
128,1,TRANSPOSITION,OMP,0.000041805
128,1,SYMMETRY,OMP,0.000111639
128,1,TRANSPOSITION,OMP,0.000041883
128,1,SYMMETRY,OMP,0.000112116
128,1,TRANSPOSITION,OMP,0.000041962
128,1,SYMMETRY,OMP,0.000111785
128,1,TRANSPOSITION,OMP,0.000041895
128,1,TRANSPOSITION,OMP,0.000042226
128,1,TRANSPOSITION,OMP,0.000042066
128,1,TRANSPOSITION,OMP,0.000042140
128,1,TRANSPOSITION,OMP,0.000043601
128,1,TRANSPOSITION,OMP,0.000042129
128,1,TRANSPOSITION,OMP,0.000042018
128,1,TRANSPOSITION,OMP,0.000042159
128,1,TRANSPOSITION,OMP,0.000041980
128,1,TRANSPOSITION,OMP,0.000041917
128,1,TRANSPOSITION,OMP,0.000042051
128,1,TRANSPOSITION,OMP,0.000042167
128,1,TRANSPOSITION,OMP,0.000042193
128,1,TRANSPOSITION,OMP,0.000042059
128,1,TRANSPOSITION,OMP,0.000042036
128,1,TRANSPOSITION,OMP,0.000042275
256,1,SYMMETRY,OMP,0.000288729
256,1,TRANSPOSITION,OMP,0.000368886
256,1,SYMMETRY,OMP,0.000276688
256,1,TRANSPOSITION,OMP,0.000372861
256,1,SYMMETRY,OMP,0.000278287
256,1,TRANSPOSITION,OMP,0.000334285
256,1,SYMMETRY,OMP,0.000275597
256,1,TRANSPOSITION,OMP,0.000377558
256,1,SYMMETRY,OMP,0.000261642
256,1,TRANSPOSITION,OMP,0.000348110
256,1,SYMMETRY,OMP,0.000261620
256,1,TRANSPOSITION,OMP,0.000343412
256,1,SYMMETRY,OMP,0.000280119
256,1,TRANSPOSITION,OMP,0.000364881
256,1,SYMMETRY,OMP,0.000260931
256,1,TRANSPOSITION,OMP,0.000350330
256,1,SYMMETRY,OMP,0.000264805
256,1,TRANSPOSITION,OMP,0.000347316
256,1,SYMMETRY,OMP,0.000261549
256,1,TRANSPOSITION,OMP,0.000308827
256,1,SYMMETRY,OMP,0.000261649
256,1,TRANSPOSITION,OMP,0.000313394
256,1,SYMMETRY,OMP,0.000261117
256,1,TRANSPOSITION,OMP,0.000348013
256,1,SYMMETRY,OMP,0.000261143
256,1,TRANSPOSITION,OMP,0.000316307
256,1,SYMMETRY,OMP,0.000265040
256,1,TRANSPOSITION,OMP,0.000347611
256,1,SYMMETRY,OMP,0.000260912
256,1,TRANSPOSITION,OMP,0.000347883
256,1,TRANSPOSITION,OMP,0.000348076
256,1,TRANSPOSITION,OMP,0.000377078
256,1,TRANSPOSITION,OMP,0.000373509
256,1,TRANSPOSITION,OMP,0.000368901
256,1,TRANSPOSITION,OMP,0.000327557
256,1,TRANSPOSITION,OMP,0.000348739
256,1,TRANSPOSITION,OMP,0.000355400
256,1,TRANSPOSITION,OMP,0.000312652
256,1,TRANSPOSITION,OMP,0.000355270
256,1,TRANSPOSITION,OMP,0.000309903
256,1,TRANSPOSITION,OMP,0.000311088
256,1,TRANSPOSITION,OMP,0.000316717
256,1,TRANSPOSITION,OMP,0.000311337
256,1,TRANSPOSITION,OMP,0.000354540
256,1,TRANSPOSITION,OMP,0.000310339
512,1,SYMMETRY,OMP,0.000844818
512,1,TRANSPOSITION,OMP,0.002590735
512,1,SYMMETRY,OMP,0.000841916
512,1,TRANSPOSITION,OMP,0.002582099
512,1,SYMMETRY,OMP,0.000838846
512,1,TRANSPOSITION,OMP,0.002632309
512,1,SYMMETRY,OMP,0.000837449
512,1,TRANSPOSITION,OMP,0.002576239
512,1,SYMMETRY,OMP,0.000841036
512,1,TRANSPOSITION,OMP,0.002569623
512,1,SYMMETRY,OMP,0.000855345
512,1,TRANSPOSITION,OMP,0.002685763
512,1,SYMMETRY,OMP,0.000841554
512,1,TRANSPOSITION,OMP,0.002590530
512,1,SYMMETRY,OMP,0.000835583
512,1,TRANSPOSITION,OMP,0.002585731
512,1,SYMMETRY,OMP,0.000841726
512,1,TRANSPOSITION,OMP,0.002585765
512,1,SYMMETRY,OMP,0.000836320
512,1,TRANSPOSITION,OMP,0.002582934
512,1,SYMMETRY,OMP,0.000840940
512,1,TRANSPOSITION,OMP,0.002575353
512,1,SYMMETRY,OMP,0.000841055
512,1,TRANSPOSITION,OMP,0.002585758
512,1,SYMMETRY,OMP,0.000844643
512,1,TRANSPOSITION,OMP,0.002582159
512,1,SYMMETRY,OMP,0.000840791
512,1,TRANSPOSITION,OMP,0.002633091
512,1,SYMMETRY,OMP,0.000841264
512,1,TRANSPOSITION,OMP,0.002578150
512,1,TRANSPOSITION,OMP,0.002578679
512,1,TRANSPOSITION,OMP,0.002651911
512,1,TRANSPOSITION,OMP,0.002579849
512,1,TRANSPOSITION,OMP,0.002571072
512,1,TRANSPOSITION,OMP,0.002573673
512,1,TRANSPOSITION,OMP,0.002569944
512,1,TRANSPOSITION,OMP,0.002572011
512,1,TRANSPOSITION,OMP,0.002627298
512,1,TRANSPOSITION,OMP,0.002577141
512,1,TRANSPOSITION,OMP,0.002592210
512,1,TRANSPOSITION,OMP,0.002570808
512,1,TRANSPOSITION,OMP,0.002578661
512,1,TRANSPOSITION,OMP,0.002572857
512,1,TRANSPOSITION,OMP,0.002571311
512,1,TRANSPOSITION,OMP,0.002571538
1024,1,SYMMETRY,OMP,0.003258914
1024,1,TRANSPOSITION,OMP,0.016476192
1024,1,SYMMETRY,OMP,0.003232047
1024,1,TRANSPOSITION,OMP,0.016374093
1024,1,SYMMETRY,OMP,0.003419198
1024,1,TRANSPOSITION,OMP,0.016467839
1024,1,SYMMETRY,OMP,0.003241744
1024,1,TRANSPOSITION,OMP,0.016446453
1024,1,SYMMETRY,OMP,0.003229868
1024,1,TRANSPOSITION,OMP,0.016685367
1024,1,SYMMETRY,OMP,0.003233787
1024,1,TRANSPOSITION,OMP,0.016380932
1024,1,SYMMETRY,OMP,0.003242716
1024,1,TRANSPOSITION,OMP,0.016451657
1024,1,SYMMETRY,OMP,0.003239330
1024,1,TRANSPOSITION,OMP,0.016410254
1024,1,SYMMETRY,OMP,0.003235128
1024,1,TRANSPOSITION,OMP,0.016354356
1024,1,SYMMETRY,OMP,0.003236763
1024,1,TRANSPOSITION,OMP,0.016356904
1024,1,SYMMETRY,OMP,0.003236458
1024,1,TRANSPOSITION,OMP,0.016359609
1024,1,SYMMETRY,OMP,0.003245652
1024,1,TRANSPOSITION,OMP,0.016371395
1024,1,SYMMETRY,OMP,0.003238868
1024,1,TRANSPOSITION,OMP,0.016394548
1024,1,SYMMETRY,OMP,0.003234033
1024,1,TRANSPOSITION,OMP,0.016327679
1024,1,SYMMETRY,OMP,0.003311578
1024,1,TRANSPOSITION,OMP,0.017000567
1024,1,TRANSPOSITION,OMP,0.016408529
1024,1,TRANSPOSITION,OMP,0.016393512
1024,1,TRANSPOSITION,OMP,0.016498048
1024,1,TRANSPOSITION,OMP,0.016400725
1024,1,TRANSPOSITION,OMP,0.016320009
1024,1,TRANSPOSITION,OMP,0.016598526
1024,1,TRANSPOSITION,OMP,0.016382862
1024,1,TRANSPOSITION,OMP,0.016387712
1024,1,TRANSPOSITION,OMP,0.016511764
1024,1,TRANSPOSITION,OMP,0.016358491
1024,1,TRANSPOSITION,OMP,0.016332641
1024,1,TRANSPOSITION,OMP,0.016783062
1024,1,TRANSPOSITION,OMP,0.016450059
1024,1,TRANSPOSITION,OMP,0.016411301
1024,1,TRANSPOSITION,OMP,0.016350955
2048,1,SYMMETRY,OMP,0.031320497
2048,1,TRANSPOSITION,OMP,0.146889787
2048,1,SYMMETRY,OMP,0.026438016
2048,1,TRANSPOSITION,OMP,0.103724860
2048,1,SYMMETRY,OMP,0.027497485
2048,1,TRANSPOSITION,OMP,0.143269766
2048,1,SYMMETRY,OMP,0.026527565
2048,1,TRANSPOSITION,OMP,0.104165867
2048,1,SYMMETRY,OMP,0.028994799
2048,1,TRANSPOSITION,OMP,0.114205193
2048,1,SYMMETRY,OMP,0.030364811
2048,1,TRANSPOSITION,OMP,0.101896185
2048,1,SYMMETRY,OMP,0.025921471
2048,1,TRANSPOSITION,OMP,0.103947986
2048,1,SYMMETRY,OMP,0.030577425
2048,1,TRANSPOSITION,OMP,0.144413088
2048,1,SYMMETRY,OMP,0.026159566
2048,1,TRANSPOSITION,OMP,0.104295801
2048,1,SYMMETRY,OMP,0.030002687
2048,1,TRANSPOSITION,OMP,0.106933273
2048,1,SYMMETRY,OMP,0.028635066
2048,1,TRANSPOSITION,OMP,0.147863105
2048,1,SYMMETRY,OMP,0.030416556
2048,1,TRANSPOSITION,OMP,0.102147024
2048,1,SYMMETRY,OMP,0.027027786
2048,1,TRANSPOSITION,OMP,0.103351302
2048,1,SYMMETRY,OMP,0.029441711
2048,1,TRANSPOSITION,OMP,0.105010696
2048,1,SYMMETRY,OMP,0.027724091
2048,1,TRANSPOSITION,OMP,0.103398237
2048,1,TRANSPOSITION,OMP,0.165997412
2048,1,TRANSPOSITION,OMP,0.146705888
2048,1,TRANSPOSITION,OMP,0.117662802
2048,1,TRANSPOSITION,OMP,0.149695545
2048,1,TRANSPOSITION,OMP,0.162664574
2048,1,TRANSPOSITION,OMP,0.141581494
2048,1,TRANSPOSITION,OMP,0.192481611
2048,1,TRANSPOSITION,OMP,0.163574427
2048,1,TRANSPOSITION,OMP,0.149870902
2048,1,TRANSPOSITION,OMP,0.100255758
2048,1,TRANSPOSITION,OMP,0.142615136
2048,1,TRANSPOSITION,OMP,0.105968423
2048,1,TRANSPOSITION,OMP,0.102375925
2048,1,TRANSPOSITION,OMP,0.105960499
2048,1,TRANSPOSITION,OMP,0.099502590
4096,1,SYMMETRY,OMP,0.377759926
4096,1,TRANSPOSITION,OMP,1.976426616
4096,1,SYMMETRY,OMP,0.379408836
4096,1,TRANSPOSITION,OMP,1.997919932
4096,1,SYMMETRY,OMP,0.380540859
4096,1,TRANSPOSITION,OMP,1.972285848
4096,1,SYMMETRY,OMP,0.381791614
4096,1,TRANSPOSITION,OMP,1.997557517
4096,1,SYMMETRY,OMP,0.380523294
4096,1,TRANSPOSITION,OMP,2.010758717
4096,1,SYMMETRY,OMP,0.377593383
4096,1,TRANSPOSITION,OMP,1.931975581
4096,1,SYMMETRY,OMP,0.382178467
4096,1,TRANSPOSITION,OMP,1.978593361
4096,1,SYMMETRY,OMP,0.378712747
4096,1,TRANSPOSITION,OMP,1.978076659
4096,1,SYMMETRY,OMP,0.378945578
4096,1,TRANSPOSITION,OMP,2.011490550
4096,1,SYMMETRY,OMP,0.379685655
4096,1,TRANSPOSITION,OMP,2.012174923
4096,1,SYMMETRY,OMP,0.372599266
4096,1,TRANSPOSITION,OMP,1.991717178
4096,1,SYMMETRY,OMP,0.381699428
4096,1,TRANSPOSITION,OMP,1.984891638
4096,1,SYMMETRY,OMP,0.381160550
4096,1,TRANSPOSITION,OMP,2.005809780
4096,1,SYMMETRY,OMP,0.395669058
4096,1,TRANSPOSITION,OMP,2.006883081
4096,1,SYMMETRY,OMP,0.396809600
4096,1,TRANSPOSITION,OMP,2.018732883
4096,1,TRANSPOSITION,OMP,2.053338349
4096,1,TRANSPOSITION,OMP,2.056044377
4096,1,TRANSPOSITION,OMP,2.033927452
4096,1,TRANSPOSITION,OMP,2.037379500
4096,1,TRANSPOSITION,OMP,2.020755522
4096,1,TRANSPOSITION,OMP,2.025585171
4096,1,TRANSPOSITION,OMP,2.017661855
4096,1,TRANSPOSITION,OMP,2.047297180
4096,1,TRANSPOSITION,OMP,2.039438359
4096,1,TRANSPOSITION,OMP,2.033769455
4096,1,TRANSPOSITION,OMP,2.006435748
4096,1,TRANSPOSITION,OMP,2.024006646
4096,1,TRANSPOSITION,OMP,2.018112749
4096,1,TRANSPOSITION,OMP,1.990029164
4096,1,TRANSPOSITION,OMP,2.014893226
16,1,SYMMETRY,OMP,0.000013798
16,1,TRANSPOSITION,OMP,0.000001166
16,1,SYMMETRY,OMP,0.000011820
16,1,TRANSPOSITION,OMP,0.000001092
16,1,SYMMETRY,OMP,0.000011813
16,1,TRANSPOSITION,OMP,0.000001099
16,1,SYMMETRY,OMP,0.000012029
16,1,TRANSPOSITION,OMP,0.000001077
16,1,SYMMETRY,OMP,0.000012051
16,1,TRANSPOSITION,OMP,0.000001214
16,1,SYMMETRY,OMP,0.000012349
16,1,TRANSPOSITION,OMP,0.000001084
16,1,SYMMETRY,OMP,0.000012036
16,1,TRANSPOSITION,OMP,0.000001058
16,1,SYMMETRY,OMP,0.000012606
16,1,TRANSPOSITION,OMP,0.000001095
16,1,SYMMETRY,OMP,0.000012372
16,1,TRANSPOSITION,OMP,0.000001062
16,1,SYMMETRY,OMP,0.000011813
16,1,TRANSPOSITION,OMP,0.000001051
16,1,SYMMETRY,OMP,0.000012044
16,1,TRANSPOSITION,OMP,0.000001069
16,1,SYMMETRY,OMP,0.000011813
16,1,TRANSPOSITION,OMP,0.000001073
16,1,SYMMETRY,OMP,0.000011809
16,1,TRANSPOSITION,OMP,0.000001069
16,1,SYMMETRY,OMP,0.000011504
16,1,TRANSPOSITION,OMP,0.000001144
16,1,SYMMETRY,OMP,0.000012249
16,1,TRANSPOSITION,OMP,0.000001077
16,1,TRANSPOSITION,OMP,0.000001434
16,1,TRANSPOSITION,OMP,0.000001423
16,1,TRANSPOSITION,OMP,0.000001300
16,1,TRANSPOSITION,OMP,0.000001494
16,1,TRANSPOSITION,OMP,0.000001386
16,1,TRANSPOSITION,OMP,0.000001453
16,1,TRANSPOSITION,OMP,0.000001550
16,1,TRANSPOSITION,OMP,0.000001244
16,1,TRANSPOSITION,OMP,0.000001334
16,1,TRANSPOSITION,OMP,0.000001408
16,1,TRANSPOSITION,OMP,0.000001442
16,1,TRANSPOSITION,OMP,0.000001390
16,1,TRANSPOSITION,OMP,0.000001378
16,1,TRANSPOSITION,OMP,0.000001363
16,1,TRANSPOSITION,OMP,0.000001337
32,1,SYMMETRY,OMP,0.000023779
32,1,TRANSPOSITION,OMP,0.000003006
32,1,SYMMETRY,OMP,0.000023246
32,1,TRANSPOSITION,OMP,0.000002891
32,1,SYMMETRY,OMP,0.000024013
32,1,TRANSPOSITION,OMP,0.000002854
32,1,SYMMETRY,OMP,0.000023361
32,1,TRANSPOSITION,OMP,0.000002891
32,1,SYMMETRY,OMP,0.000023529
32,1,TRANSPOSITION,OMP,0.000002887
32,1,SYMMETRY,OMP,0.000024002
32,1,TRANSPOSITION,OMP,0.000002917
32,1,SYMMETRY,OMP,0.000023529
32,1,TRANSPOSITION,OMP,0.000002980
32,1,SYMMETRY,OMP,0.000023559
32,1,TRANSPOSITION,OMP,0.000002939
32,1,SYMMETRY,OMP,0.000023462
32,1,TRANSPOSITION,OMP,0.000002794
32,1,SYMMETRY,OMP,0.000023272
32,1,TRANSPOSITION,OMP,0.000002820
32,1,SYMMETRY,OMP,0.000023313
32,1,TRANSPOSITION,OMP,0.000002794
32,1,SYMMETRY,OMP,0.000023168
32,1,TRANSPOSITION,OMP,0.000003058
32,1,SYMMETRY,OMP,0.000023235
32,1,TRANSPOSITION,OMP,0.000002783
32,1,SYMMETRY,OMP,0.000023376
32,1,TRANSPOSITION,OMP,0.000002816
32,1,SYMMETRY,OMP,0.000023391
32,1,TRANSPOSITION,OMP,0.000002876
32,1,TRANSPOSITION,OMP,0.000003032
32,1,TRANSPOSITION,OMP,0.000003286
32,1,TRANSPOSITION,OMP,0.000002950
32,1,TRANSPOSITION,OMP,0.000003044
32,1,TRANSPOSITION,OMP,0.000002868
32,1,TRANSPOSITION,OMP,0.000002947
32,1,TRANSPOSITION,OMP,0.000003163
32,1,TRANSPOSITION,OMP,0.000003103
32,1,TRANSPOSITION,OMP,0.000003058
32,1,TRANSPOSITION,OMP,0.000003010
32,1,TRANSPOSITION,OMP,0.000003066
32,1,TRANSPOSITION,OMP,0.000003181
32,1,TRANSPOSITION,OMP,0.000003077
32,1,TRANSPOSITION,OMP,0.000003099
32,1,TRANSPOSITION,OMP,0.000003293
64,1,SYMMETRY,OMP,0.000048321
64,1,TRANSPOSITION,OMP,0.000010256
64,1,SYMMETRY,OMP,0.000048090
64,1,TRANSPOSITION,OMP,0.000010014
64,1,SYMMETRY,OMP,0.000047810
64,1,TRANSPOSITION,OMP,0.000009924
64,1,SYMMETRY,OMP,0.000047963
64,1,TRANSPOSITION,OMP,0.000009920
64,1,SYMMETRY,OMP,0.000048321
64,1,TRANSPOSITION,OMP,0.000009861
64,1,SYMMETRY,OMP,0.000048127
64,1,TRANSPOSITION,OMP,0.000012111
64,1,SYMMETRY,OMP,0.000048041
64,1,TRANSPOSITION,OMP,0.000009801
64,1,SYMMETRY,OMP,0.000048239
64,1,TRANSPOSITION,OMP,0.000009887
64,1,SYMMETRY,OMP,0.000047877
64,1,TRANSPOSITION,OMP,0.000009846
64,1,SYMMETRY,OMP,0.000047859
64,1,TRANSPOSITION,OMP,0.000009909
64,1,SYMMETRY,OMP,0.000048093
64,1,TRANSPOSITION,OMP,0.000009831
64,1,SYMMETRY,OMP,0.000048012
64,1,TRANSPOSITION,OMP,0.000009846
64,1,SYMMETRY,OMP,0.000049364
64,1,TRANSPOSITION,OMP,0.000009879
64,1,SYMMETRY,OMP,0.000048004
64,1,TRANSPOSITION,OMP,0.000009883
64,1,SYMMETRY,OMP,0.000048399
64,1,TRANSPOSITION,OMP,0.000009898
64,1,TRANSPOSITION,OMP,0.000010166
64,1,TRANSPOSITION,OMP,0.000010226
64,1,TRANSPOSITION,OMP,0.000010107
64,1,TRANSPOSITION,OMP,0.000010096
64,1,TRANSPOSITION,OMP,0.000010084
64,1,TRANSPOSITION,OMP,0.000010118
64,1,TRANSPOSITION,OMP,0.000010125
64,1,TRANSPOSITION,OMP,0.000010323
64,1,TRANSPOSITION,OMP,0.000010189
64,1,TRANSPOSITION,OMP,0.000010028
64,1,TRANSPOSITION,OMP,0.000010271
64,1,TRANSPOSITION,OMP,0.000010211
64,1,TRANSPOSITION,OMP,0.000010204
64,1,TRANSPOSITION,OMP,0.000009939
64,1,TRANSPOSITION,OMP,0.000009943
128,1,SYMMETRY,OMP,0.000109419
128,1,TRANSPOSITION,OMP,0.000039782
128,1,SYMMETRY,OMP,0.000106990
128,1,TRANSPOSITION,OMP,0.000039909
128,1,SYMMETRY,OMP,0.000107251
128,1,TRANSPOSITION,OMP,0.000039749
128,1,SYMMETRY,OMP,0.000108182
128,1,TRANSPOSITION,OMP,0.000039738
128,1,SYMMETRY,OMP,0.000107192
128,1,TRANSPOSITION,OMP,0.000039697
128,1,SYMMETRY,OMP,0.000109386
128,1,TRANSPOSITION,OMP,0.000039745
128,1,SYMMETRY,OMP,0.000109330
128,1,TRANSPOSITION,OMP,0.000039592
128,1,SYMMETRY,OMP,0.000107318
128,1,TRANSPOSITION,OMP,0.000041150
128,1,SYMMETRY,OMP,0.000109781
128,1,TRANSPOSITION,OMP,0.000039812
128,1,SYMMETRY,OMP,0.000109676
128,1,TRANSPOSITION,OMP,0.000039686
128,1,SYMMETRY,OMP,0.000106942
128,1,TRANSPOSITION,OMP,0.000039935
128,1,SYMMETRY,OMP,0.000107523
128,1,TRANSPOSITION,OMP,0.000039540
128,1,SYMMETRY,OMP,0.000107531
128,1,TRANSPOSITION,OMP,0.000039965
128,1,SYMMETRY,OMP,0.000107791
128,1,TRANSPOSITION,OMP,0.000039957
128,1,SYMMETRY,OMP,0.000107948
128,1,TRANSPOSITION,OMP,0.000039879
128,1,TRANSPOSITION,OMP,0.000040010
128,1,TRANSPOSITION,OMP,0.000039995
128,1,TRANSPOSITION,OMP,0.000040345
128,1,TRANSPOSITION,OMP,0.000039998
128,1,TRANSPOSITION,OMP,0.000039887
128,1,TRANSPOSITION,OMP,0.000040211
128,1,TRANSPOSITION,OMP,0.000039969
128,1,TRANSPOSITION,OMP,0.000040073
128,1,TRANSPOSITION,OMP,0.000039950
128,1,TRANSPOSITION,OMP,0.000040274
128,1,TRANSPOSITION,OMP,0.000040084
128,1,TRANSPOSITION,OMP,0.000040006
128,1,TRANSPOSITION,OMP,0.000039805
128,1,TRANSPOSITION,OMP,0.000039823
128,1,TRANSPOSITION,OMP,0.000039738
256,1,SYMMETRY,OMP,0.000265118
256,1,TRANSPOSITION,OMP,0.000316583
256,1,SYMMETRY,OMP,0.000266187
256,1,TRANSPOSITION,OMP,0.000312515
256,1,SYMMETRY,OMP,0.000262123
256,1,TRANSPOSITION,OMP,0.000311971
256,1,SYMMETRY,OMP,0.000268374
256,1,TRANSPOSITION,OMP,0.000310399
256,1,SYMMETRY,OMP,0.000268467
256,1,TRANSPOSITION,OMP,0.000355344
256,1,SYMMETRY,OMP,0.000266045
256,1,TRANSPOSITION,OMP,0.000314202
256,1,SYMMETRY,OMP,0.000263277
256,1,TRANSPOSITION,OMP,0.000312325
256,1,SYMMETRY,OMP,0.000268333
256,1,TRANSPOSITION,OMP,0.000315070
256,1,SYMMETRY,OMP,0.000263870
256,1,TRANSPOSITION,OMP,0.000315331
256,1,SYMMETRY,OMP,0.000275187
256,1,TRANSPOSITION,OMP,0.000311852
256,1,SYMMETRY,OMP,0.000262920
256,1,TRANSPOSITION,OMP,0.000351608
256,1,SYMMETRY,OMP,0.000265282
256,1,TRANSPOSITION,OMP,0.000314366
256,1,SYMMETRY,OMP,0.000266109
256,1,TRANSPOSITION,OMP,0.000312533
256,1,SYMMETRY,OMP,0.000261500
256,1,TRANSPOSITION,OMP,0.000312969
256,1,SYMMETRY,OMP,0.000263475
256,1,TRANSPOSITION,OMP,0.000312272
256,1,TRANSPOSITION,OMP,0.000352751
256,1,TRANSPOSITION,OMP,0.000352066
256,1,TRANSPOSITION,OMP,0.000352480
256,1,TRANSPOSITION,OMP,0.000353806
256,1,TRANSPOSITION,OMP,0.000336327
256,1,TRANSPOSITION,OMP,0.000313830
256,1,TRANSPOSITION,OMP,0.000311654
256,1,TRANSPOSITION,OMP,0.000312168
256,1,TRANSPOSITION,OMP,0.000312410
256,1,TRANSPOSITION,OMP,0.000312775
256,1,TRANSPOSITION,OMP,0.000312399
256,1,TRANSPOSITION,OMP,0.000313357
256,1,TRANSPOSITION,OMP,0.000315774
256,1,TRANSPOSITION,OMP,0.000311628
256,1,TRANSPOSITION,OMP,0.000354990
512,1,SYMMETRY,OMP,0.000811502
512,1,TRANSPOSITION,OMP,0.002423614
512,1,SYMMETRY,OMP,0.000809915
512,1,TRANSPOSITION,OMP,0.002416972
512,1,SYMMETRY,OMP,0.000816032
512,1,TRANSPOSITION,OMP,0.002398808
512,1,SYMMETRY,OMP,0.000808086
512,1,TRANSPOSITION,OMP,0.002420191
512,1,SYMMETRY,OMP,0.000810377
512,1,TRANSPOSITION,OMP,0.002416749
512,1,SYMMETRY,OMP,0.000816293
512,1,TRANSPOSITION,OMP,0.002407067
512,1,SYMMETRY,OMP,0.000811659
512,1,TRANSPOSITION,OMP,0.002398137
512,1,SYMMETRY,OMP,0.000810500
512,1,TRANSPOSITION,OMP,0.002397843
512,1,SYMMETRY,OMP,0.000809621
512,1,TRANSPOSITION,OMP,0.002400737
512,1,SYMMETRY,OMP,0.000808842
512,1,TRANSPOSITION,OMP,0.002395663
512,1,SYMMETRY,OMP,0.000818167
512,1,TRANSPOSITION,OMP,0.002418421
512,1,SYMMETRY,OMP,0.000810090
512,1,TRANSPOSITION,OMP,0.002400797
512,1,SYMMETRY,OMP,0.000812002
512,1,TRANSPOSITION,OMP,0.002394255
512,1,SYMMETRY,OMP,0.000809330
512,1,TRANSPOSITION,OMP,0.002399292
512,1,SYMMETRY,OMP,0.000820398
512,1,TRANSPOSITION,OMP,0.002415024
512,1,TRANSPOSITION,OMP,0.002390608
512,1,TRANSPOSITION,OMP,0.002387885
512,1,TRANSPOSITION,OMP,0.002411325
512,1,TRANSPOSITION,OMP,0.002389368
512,1,TRANSPOSITION,OMP,0.002388254
512,1,TRANSPOSITION,OMP,0.002389349
512,1,TRANSPOSITION,OMP,0.002389088
512,1,TRANSPOSITION,OMP,0.002389271
512,1,TRANSPOSITION,OMP,0.002392866
512,1,TRANSPOSITION,OMP,0.002387151
512,1,TRANSPOSITION,OMP,0.002410851
512,1,TRANSPOSITION,OMP,0.002393041
512,1,TRANSPOSITION,OMP,0.002387788
512,1,TRANSPOSITION,OMP,0.002391864
512,1,TRANSPOSITION,OMP,0.002393305
1024,1,SYMMETRY,OMP,0.003245179
1024,1,TRANSPOSITION,OMP,0.015929800
1024,1,SYMMETRY,OMP,0.003337305
1024,1,TRANSPOSITION,OMP,0.015927553
1024,1,SYMMETRY,OMP,0.003243357
1024,1,TRANSPOSITION,OMP,0.015961055
1024,1,SYMMETRY,OMP,0.003243197
1024,1,TRANSPOSITION,OMP,0.015962329
1024,1,SYMMETRY,OMP,0.003259648
1024,1,TRANSPOSITION,OMP,0.015971374
1024,1,SYMMETRY,OMP,0.003244177
1024,1,TRANSPOSITION,OMP,0.015930787
1024,1,SYMMETRY,OMP,0.003239930
1024,1,TRANSPOSITION,OMP,0.015958685
1024,1,SYMMETRY,OMP,0.003257502
1024,1,TRANSPOSITION,OMP,0.015926432
1024,1,SYMMETRY,OMP,0.003237229
1024,1,TRANSPOSITION,OMP,0.015984200
1024,1,SYMMETRY,OMP,0.003240008
1024,1,TRANSPOSITION,OMP,0.015960887
1024,1,SYMMETRY,OMP,0.003257930
1024,1,TRANSPOSITION,OMP,0.015980735
1024,1,SYMMETRY,OMP,0.003246680
1024,1,TRANSPOSITION,OMP,0.015925925
1024,1,SYMMETRY,OMP,0.003242332
1024,1,TRANSPOSITION,OMP,0.015965760
1024,1,SYMMETRY,OMP,0.003254745
1024,1,TRANSPOSITION,OMP,0.015966889
1024,1,SYMMETRY,OMP,0.003364455
1024,1,TRANSPOSITION,OMP,0.015988227
1024,1,TRANSPOSITION,OMP,0.015909553
1024,1,TRANSPOSITION,OMP,0.015923649
1024,1,TRANSPOSITION,OMP,0.015917435
1024,1,TRANSPOSITION,OMP,0.015916921
1024,1,TRANSPOSITION,OMP,0.015915025
1024,1,TRANSPOSITION,OMP,0.015918508
1024,1,TRANSPOSITION,OMP,0.015921257
1024,1,TRANSPOSITION,OMP,0.015919264
1024,1,TRANSPOSITION,OMP,0.015920751
1024,1,TRANSPOSITION,OMP,0.016035922
1024,1,TRANSPOSITION,OMP,0.015912976
1024,1,TRANSPOSITION,OMP,0.015915096
1024,1,TRANSPOSITION,OMP,0.015916109
1024,1,TRANSPOSITION,OMP,0.015913244
1024,1,TRANSPOSITION,OMP,0.015924405
2048,1,SYMMETRY,OMP,0.035903279
2048,1,TRANSPOSITION,OMP,0.104306735
2048,1,SYMMETRY,OMP,0.033428352
2048,1,TRANSPOSITION,OMP,0.099446621
2048,1,SYMMETRY,OMP,0.030803375
2048,1,TRANSPOSITION,OMP,0.098532364
2048,1,SYMMETRY,OMP,0.036475029
2048,1,TRANSPOSITION,OMP,0.101106443
2048,1,SYMMETRY,OMP,0.035094831
2048,1,TRANSPOSITION,OMP,0.098064039
2048,1,SYMMETRY,OMP,0.034575503
2048,1,TRANSPOSITION,OMP,0.098752726
2048,1,SYMMETRY,OMP,0.034509405
2048,1,TRANSPOSITION,OMP,0.099828493
2048,1,SYMMETRY,OMP,0.035905831
2048,1,TRANSPOSITION,OMP,0.100961097
2048,1,SYMMETRY,OMP,0.035152853
2048,1,TRANSPOSITION,OMP,0.098051280
2048,1,SYMMETRY,OMP,0.035191022
2048,1,TRANSPOSITION,OMP,0.136792518
2048,1,SYMMETRY,OMP,0.037333153
2048,1,TRANSPOSITION,OMP,0.100069966
2048,1,SYMMETRY,OMP,0.034194343
2048,1,TRANSPOSITION,OMP,0.103848793
2048,1,SYMMETRY,OMP,0.034421239
2048,1,TRANSPOSITION,OMP,0.098015185
2048,1,SYMMETRY,OMP,0.034587741
2048,1,TRANSPOSITION,OMP,0.101518404
2048,1,SYMMETRY,OMP,0.034460198
2048,1,TRANSPOSITION,OMP,0.098093167
2048,1,TRANSPOSITION,OMP,0.106820893
2048,1,TRANSPOSITION,OMP,0.109610587
2048,1,TRANSPOSITION,OMP,0.103581633
2048,1,TRANSPOSITION,OMP,0.112110935
2048,1,TRANSPOSITION,OMP,0.102884457
2048,1,TRANSPOSITION,OMP,0.106159236
2048,1,TRANSPOSITION,OMP,0.154237032
2048,1,TRANSPOSITION,OMP,0.153921060
2048,1,TRANSPOSITION,OMP,0.101287089
2048,1,TRANSPOSITION,OMP,0.110128004
2048,1,TRANSPOSITION,OMP,0.106241237
2048,1,TRANSPOSITION,OMP,0.153298199
2048,1,TRANSPOSITION,OMP,0.171141721
2048,1,TRANSPOSITION,OMP,0.105334051
2048,1,TRANSPOSITION,OMP,0.148026749
4096,1,SYMMETRY,OMP,0.398104023
4096,1,TRANSPOSITION,OMP,2.037947327
4096,1,SYMMETRY,OMP,0.397197798
4096,1,TRANSPOSITION,OMP,2.025761928
4096,1,SYMMETRY,OMP,0.399334788
4096,1,TRANSPOSITION,OMP,2.011249032
4096,1,SYMMETRY,OMP,0.398982752
4096,1,TRANSPOSITION,OMP,2.006838199
4096,1,SYMMETRY,OMP,0.397749510
4096,1,TRANSPOSITION,OMP,2.025792357
4096,1,SYMMETRY,OMP,0.399318572
4096,1,TRANSPOSITION,OMP,2.002460785
4096,1,SYMMETRY,OMP,0.397928692
4096,1,TRANSPOSITION,OMP,1.979819357
4096,1,SYMMETRY,OMP,0.398605678
4096,1,TRANSPOSITION,OMP,1.984868526
4096,1,SYMMETRY,OMP,0.398521494
4096,1,TRANSPOSITION,OMP,1.995544288
4096,1,SYMMETRY,OMP,0.399148148
4096,1,TRANSPOSITION,OMP,2.007168822
4096,1,SYMMETRY,OMP,0.399054036
4096,1,TRANSPOSITION,OMP,1.993446354
4096,1,SYMMETRY,OMP,0.399371963
4096,1,TRANSPOSITION,OMP,1.960795883
4096,1,SYMMETRY,OMP,0.398226544
4096,1,TRANSPOSITION,OMP,2.015387710
4096,1,SYMMETRY,OMP,0.398395281
4096,1,TRANSPOSITION,OMP,2.017357834
4096,1,SYMMETRY,OMP,0.398784049
4096,1,TRANSPOSITION,OMP,2.018150542
4096,1,TRANSPOSITION,OMP,2.016032342
4096,1,TRANSPOSITION,OMP,2.042172246
4096,1,TRANSPOSITION,OMP,2.013738293
4096,1,TRANSPOSITION,OMP,2.018285673
4096,1,TRANSPOSITION,OMP,1.997250825
4096,1,TRANSPOSITION,OMP,1.998640336
4096,1,TRANSPOSITION,OMP,2.049439814
4096,1,TRANSPOSITION,OMP,2.036614459
4096,1,TRANSPOSITION,OMP,1.998111445
4096,1,TRANSPOSITION,OMP,2.041034367
4096,1,TRANSPOSITION,OMP,2.022148479
4096,1,TRANSPOSITION,OMP,2.003413353
4096,1,TRANSPOSITION,OMP,2.015687522
4096,1,TRANSPOSITION,OMP,2.023342088
4096,1,TRANSPOSITION,OMP,2.026975375
16,1,SYMMETRY,OMP,0.000013482
16,1,TRANSPOSITION,OMP,0.000001188
16,1,SYMMETRY,OMP,0.000011817
16,1,TRANSPOSITION,OMP,0.000001051
16,1,SYMMETRY,OMP,0.000011753
16,1,TRANSPOSITION,OMP,0.000001039
16,1,SYMMETRY,OMP,0.000011839
16,1,TRANSPOSITION,OMP,0.000001080
16,1,SYMMETRY,OMP,0.000011768
16,1,TRANSPOSITION,OMP,0.000001039
16,1,SYMMETRY,OMP,0.000012450
16,1,TRANSPOSITION,OMP,0.000001136
16,1,SYMMETRY,OMP,0.000011723
16,1,TRANSPOSITION,OMP,0.000001241
16,1,SYMMETRY,OMP,0.000012174
16,1,TRANSPOSITION,OMP,0.000001084
16,1,SYMMETRY,OMP,0.000011593
16,1,TRANSPOSITION,OMP,0.000001196
16,1,SYMMETRY,OMP,0.000011731
16,1,TRANSPOSITION,OMP,0.000001080
16,1,SYMMETRY,OMP,0.000011593
16,1,TRANSPOSITION,OMP,0.000001322
16,1,SYMMETRY,OMP,0.000011660
16,1,TRANSPOSITION,OMP,0.000001073
16,1,SYMMETRY,OMP,0.000018593
16,1,TRANSPOSITION,OMP,0.000001099
16,1,SYMMETRY,OMP,0.000011999
16,1,TRANSPOSITION,OMP,0.000001188
16,1,SYMMETRY,OMP,0.000012226
16,1,TRANSPOSITION,OMP,0.000001125
16,1,TRANSPOSITION,OMP,0.000001203
16,1,TRANSPOSITION,OMP,0.000001460
16,1,TRANSPOSITION,OMP,0.000001293
16,1,TRANSPOSITION,OMP,0.000001281
16,1,TRANSPOSITION,OMP,0.000001200
16,1,TRANSPOSITION,OMP,0.000001341
16,1,TRANSPOSITION,OMP,0.000001337
16,1,TRANSPOSITION,OMP,0.000001334
16,1,TRANSPOSITION,OMP,0.000001241
16,1,TRANSPOSITION,OMP,0.000001434
16,1,TRANSPOSITION,OMP,0.000001550
16,1,TRANSPOSITION,OMP,0.000001322
16,1,TRANSPOSITION,OMP,0.000001334
16,1,TRANSPOSITION,OMP,0.000001356
16,1,TRANSPOSITION,OMP,0.000001285
32,1,SYMMETRY,OMP,0.000023969
32,1,TRANSPOSITION,OMP,0.000003163
32,1,SYMMETRY,OMP,0.000023440
32,1,TRANSPOSITION,OMP,0.000002895
32,1,SYMMETRY,OMP,0.000023097
32,1,TRANSPOSITION,OMP,0.000002880
32,1,SYMMETRY,OMP,0.000023324
32,1,TRANSPOSITION,OMP,0.000002850
32,1,SYMMETRY,OMP,0.000023406
32,1,TRANSPOSITION,OMP,0.000002854
32,1,SYMMETRY,OMP,0.000023291
32,1,TRANSPOSITION,OMP,0.000002790
32,1,SYMMETRY,OMP,0.000023343
32,1,TRANSPOSITION,OMP,0.000002801
32,1,SYMMETRY,OMP,0.000023257
32,1,TRANSPOSITION,OMP,0.000002831
32,1,SYMMETRY,OMP,0.000023678
32,1,TRANSPOSITION,OMP,0.000002805
32,1,SYMMETRY,OMP,0.000023887
32,1,TRANSPOSITION,OMP,0.000002850
32,1,SYMMETRY,OMP,0.000023659
32,1,TRANSPOSITION,OMP,0.000002876
32,1,SYMMETRY,OMP,0.000023637
32,1,TRANSPOSITION,OMP,0.000002790
32,1,SYMMETRY,OMP,0.000023928
32,1,TRANSPOSITION,OMP,0.000002835
32,1,SYMMETRY,OMP,0.000025932
32,1,TRANSPOSITION,OMP,0.000002827
32,1,SYMMETRY,OMP,0.000023343
32,1,TRANSPOSITION,OMP,0.000002805
32,1,TRANSPOSITION,OMP,0.000003062
32,1,TRANSPOSITION,OMP,0.000003103
32,1,TRANSPOSITION,OMP,0.000003114
32,1,TRANSPOSITION,OMP,0.000003058
32,1,TRANSPOSITION,OMP,0.000003014
32,1,TRANSPOSITION,OMP,0.000003014
32,1,TRANSPOSITION,OMP,0.000002995
32,1,TRANSPOSITION,OMP,0.000002917
32,1,TRANSPOSITION,OMP,0.000003062
32,1,TRANSPOSITION,OMP,0.000003040
32,1,TRANSPOSITION,OMP,0.000003058
32,1,TRANSPOSITION,OMP,0.000003066
32,1,TRANSPOSITION,OMP,0.000003159
32,1,TRANSPOSITION,OMP,0.000003036
32,1,TRANSPOSITION,OMP,0.000003099
64,1,SYMMETRY,OMP,0.000048082
64,1,TRANSPOSITION,OMP,0.000009950
64,1,SYMMETRY,OMP,0.000048041
64,1,TRANSPOSITION,OMP,0.000009902
64,1,SYMMETRY,OMP,0.000048324
64,1,TRANSPOSITION,OMP,0.000009943
64,1,SYMMETRY,OMP,0.000048552
64,1,TRANSPOSITION,OMP,0.000009924
64,1,SYMMETRY,OMP,0.000050042
64,1,TRANSPOSITION,OMP,0.000009820
64,1,SYMMETRY,OMP,0.000048138
64,1,TRANSPOSITION,OMP,0.000009857
64,1,SYMMETRY,OMP,0.000049926
64,1,TRANSPOSITION,OMP,0.000009812
64,1,SYMMETRY,OMP,0.000048343
64,1,TRANSPOSITION,OMP,0.000009868
64,1,SYMMETRY,OMP,0.000048224
64,1,TRANSPOSITION,OMP,0.000009909
64,1,SYMMETRY,OMP,0.000049062
64,1,TRANSPOSITION,OMP,0.000010349
64,1,SYMMETRY,OMP,0.000048224
64,1,TRANSPOSITION,OMP,0.000009943
64,1,SYMMETRY,OMP,0.000048336
64,1,TRANSPOSITION,OMP,0.000009887
64,1,SYMMETRY,OMP,0.000048250
64,1,TRANSPOSITION,OMP,0.000009891
64,1,SYMMETRY,OMP,0.000048161
64,1,TRANSPOSITION,OMP,0.000009824
64,1,SYMMETRY,OMP,0.000048377
64,1,TRANSPOSITION,OMP,0.000009902
64,1,TRANSPOSITION,OMP,0.000010509
64,1,TRANSPOSITION,OMP,0.000010137
64,1,TRANSPOSITION,OMP,0.000010114
64,1,TRANSPOSITION,OMP,0.000010025
64,1,TRANSPOSITION,OMP,0.000010177
64,1,TRANSPOSITION,OMP,0.000010155
64,1,TRANSPOSITION,OMP,0.000010241
64,1,TRANSPOSITION,OMP,0.000010177
64,1,TRANSPOSITION,OMP,0.000010133
64,1,TRANSPOSITION,OMP,0.000010174
64,1,TRANSPOSITION,OMP,0.000010040
64,1,TRANSPOSITION,OMP,0.000009965
64,1,TRANSPOSITION,OMP,0.000009928
64,1,TRANSPOSITION,OMP,0.000009883
64,1,TRANSPOSITION,OMP,0.000009891
128,1,SYMMETRY,OMP,0.000108216
128,1,TRANSPOSITION,OMP,0.000039652
128,1,SYMMETRY,OMP,0.000109039
128,1,TRANSPOSITION,OMP,0.000039566
128,1,SYMMETRY,OMP,0.000109375
128,1,TRANSPOSITION,OMP,0.000039659
128,1,SYMMETRY,OMP,0.000111248
128,1,TRANSPOSITION,OMP,0.000039589
128,1,SYMMETRY,OMP,0.000109550
128,1,TRANSPOSITION,OMP,0.000039469
128,1,SYMMETRY,OMP,0.000109535
128,1,TRANSPOSITION,OMP,0.000039507
128,1,SYMMETRY,OMP,0.000109907
128,1,TRANSPOSITION,OMP,0.000039577
128,1,SYMMETRY,OMP,0.000107214
128,1,TRANSPOSITION,OMP,0.000039462
128,1,SYMMETRY,OMP,0.000109419
128,1,TRANSPOSITION,OMP,0.000039581
128,1,SYMMETRY,OMP,0.000107497
128,1,TRANSPOSITION,OMP,0.000039514
128,1,SYMMETRY,OMP,0.000108894
128,1,TRANSPOSITION,OMP,0.000039533
128,1,SYMMETRY,OMP,0.000107579
128,1,TRANSPOSITION,OMP,0.000039537
128,1,SYMMETRY,OMP,0.000109203
128,1,TRANSPOSITION,OMP,0.000041120
128,1,SYMMETRY,OMP,0.000107188
128,1,TRANSPOSITION,OMP,0.000039641
128,1,SYMMETRY,OMP,0.000107259
128,1,TRANSPOSITION,OMP,0.000039596
128,1,TRANSPOSITION,OMP,0.000039808
128,1,TRANSPOSITION,OMP,0.000039957
128,1,TRANSPOSITION,OMP,0.000040177
128,1,TRANSPOSITION,OMP,0.000039872
128,1,TRANSPOSITION,OMP,0.000039894
128,1,TRANSPOSITION,OMP,0.000039920
128,1,TRANSPOSITION,OMP,0.000039868
128,1,TRANSPOSITION,OMP,0.000040054
128,1,TRANSPOSITION,OMP,0.000039794
128,1,TRANSPOSITION,OMP,0.000040002
128,1,TRANSPOSITION,OMP,0.000039633
128,1,TRANSPOSITION,OMP,0.000039779
128,1,TRANSPOSITION,OMP,0.000039931
128,1,TRANSPOSITION,OMP,0.000039726
128,1,TRANSPOSITION,OMP,0.000039838
256,1,SYMMETRY,OMP,0.000262190
256,1,TRANSPOSITION,OMP,0.000308119
256,1,SYMMETRY,OMP,0.000261571
256,1,TRANSPOSITION,OMP,0.000313140
256,1,SYMMETRY,OMP,0.000263788
256,1,TRANSPOSITION,OMP,0.000311989
256,1,SYMMETRY,OMP,0.000254784
256,1,TRANSPOSITION,OMP,0.000311173
256,1,SYMMETRY,OMP,0.000256442
256,1,TRANSPOSITION,OMP,0.000309866
256,1,SYMMETRY,OMP,0.000257086
256,1,TRANSPOSITION,OMP,0.000352975
256,1,SYMMETRY,OMP,0.000258625
256,1,TRANSPOSITION,OMP,0.000350870
256,1,SYMMETRY,OMP,0.000260469
256,1,TRANSPOSITION,OMP,0.000349253
256,1,SYMMETRY,OMP,0.000260767
256,1,TRANSPOSITION,OMP,0.000312887
256,1,SYMMETRY,OMP,0.000264414
256,1,TRANSPOSITION,OMP,0.000350166
256,1,SYMMETRY,OMP,0.000260923
256,1,TRANSPOSITION,OMP,0.000350170
256,1,SYMMETRY,OMP,0.000255752
256,1,TRANSPOSITION,OMP,0.000351705
256,1,SYMMETRY,OMP,0.000258870
256,1,TRANSPOSITION,OMP,0.000324931
256,1,SYMMETRY,OMP,0.000259902
256,1,TRANSPOSITION,OMP,0.000349745
256,1,SYMMETRY,OMP,0.000259176
256,1,TRANSPOSITION,OMP,0.000350252
256,1,TRANSPOSITION,OMP,0.000311211
256,1,TRANSPOSITION,OMP,0.000311244
256,1,TRANSPOSITION,OMP,0.000311002
256,1,TRANSPOSITION,OMP,0.000310790
256,1,TRANSPOSITION,OMP,0.000311419
256,1,TRANSPOSITION,OMP,0.000311241
256,1,TRANSPOSITION,OMP,0.000351217
256,1,TRANSPOSITION,OMP,0.000311546
256,1,TRANSPOSITION,OMP,0.000314370
256,1,TRANSPOSITION,OMP,0.000311363
256,1,TRANSPOSITION,OMP,0.000314664
256,1,TRANSPOSITION,OMP,0.000310156
256,1,TRANSPOSITION,OMP,0.000314012
256,1,TRANSPOSITION,OMP,0.000311144
256,1,TRANSPOSITION,OMP,0.000313949
512,1,SYMMETRY,OMP,0.000801113
512,1,TRANSPOSITION,OMP,0.002672374
512,1,SYMMETRY,OMP,0.000811104
512,1,TRANSPOSITION,OMP,0.002672594
512,1,SYMMETRY,OMP,0.000804041
512,1,TRANSPOSITION,OMP,0.002673153
512,1,SYMMETRY,OMP,0.000807941
512,1,TRANSPOSITION,OMP,0.002672069
512,1,SYMMETRY,OMP,0.000804447
512,1,TRANSPOSITION,OMP,0.002674740
512,1,SYMMETRY,OMP,0.000802569
512,1,TRANSPOSITION,OMP,0.002677966
512,1,SYMMETRY,OMP,0.000802327
512,1,TRANSPOSITION,OMP,0.002671532
512,1,SYMMETRY,OMP,0.000810012
512,1,TRANSPOSITION,OMP,0.002672959
512,1,SYMMETRY,OMP,0.000802636
512,1,TRANSPOSITION,OMP,0.002676230
512,1,SYMMETRY,OMP,0.000803214
512,1,TRANSPOSITION,OMP,0.002674788
512,1,SYMMETRY,OMP,0.000800252
512,1,TRANSPOSITION,OMP,0.002674166
512,1,SYMMETRY,OMP,0.000802692
512,1,TRANSPOSITION,OMP,0.002671272
512,1,SYMMETRY,OMP,0.000804599
512,1,TRANSPOSITION,OMP,0.002675034
512,1,SYMMETRY,OMP,0.000805754
512,1,TRANSPOSITION,OMP,0.002672791
512,1,SYMMETRY,OMP,0.000804957
512,1,TRANSPOSITION,OMP,0.002668250
512,1,TRANSPOSITION,OMP,0.002673846
512,1,TRANSPOSITION,OMP,0.002669405
512,1,TRANSPOSITION,OMP,0.002669353
512,1,TRANSPOSITION,OMP,0.002673537
512,1,TRANSPOSITION,OMP,0.002673220
512,1,TRANSPOSITION,OMP,0.002667312
512,1,TRANSPOSITION,OMP,0.002669096
512,1,TRANSPOSITION,OMP,0.002670150
512,1,TRANSPOSITION,OMP,0.002668440
512,1,TRANSPOSITION,OMP,0.002674367
512,1,TRANSPOSITION,OMP,0.002670694
512,1,TRANSPOSITION,OMP,0.002664886
512,1,TRANSPOSITION,OMP,0.002670627
512,1,TRANSPOSITION,OMP,0.002667416
512,1,TRANSPOSITION,OMP,0.002666634
1024,1,SYMMETRY,OMP,0.003459029
1024,1,TRANSPOSITION,OMP,0.016351100
1024,1,SYMMETRY,OMP,0.003465272
1024,1,TRANSPOSITION,OMP,0.016276594
1024,1,SYMMETRY,OMP,0.003469933
1024,1,TRANSPOSITION,OMP,0.016282756
1024,1,SYMMETRY,OMP,0.003467172
1024,1,TRANSPOSITION,OMP,0.016281433
1024,1,SYMMETRY,OMP,0.003470849
1024,1,TRANSPOSITION,OMP,0.016292486
1024,1,SYMMETRY,OMP,0.003460765
1024,1,TRANSPOSITION,OMP,0.016302105
1024,1,SYMMETRY,OMP,0.003465842
1024,1,TRANSPOSITION,OMP,0.016283512
1024,1,SYMMETRY,OMP,0.003465883
1024,1,TRANSPOSITION,OMP,0.016280722
1024,1,SYMMETRY,OMP,0.003461719
1024,1,TRANSPOSITION,OMP,0.016290162
1024,1,SYMMETRY,OMP,0.003462631
1024,1,TRANSPOSITION,OMP,0.016299557
1024,1,SYMMETRY,OMP,0.003485501
1024,1,TRANSPOSITION,OMP,0.016289651
1024,1,SYMMETRY,OMP,0.003457677
1024,1,TRANSPOSITION,OMP,0.016340859
1024,1,SYMMETRY,OMP,0.003458411
1024,1,TRANSPOSITION,OMP,0.016289320
1024,1,SYMMETRY,OMP,0.003460441
1024,1,TRANSPOSITION,OMP,0.016298428
1024,1,SYMMETRY,OMP,0.003461741
1024,1,TRANSPOSITION,OMP,0.016291060
1024,1,TRANSPOSITION,OMP,0.016282640
1024,1,TRANSPOSITION,OMP,0.016302131
1024,1,TRANSPOSITION,OMP,0.016269658
1024,1,TRANSPOSITION,OMP,0.016275469
1024,1,TRANSPOSITION,OMP,0.016273342
1024,1,TRANSPOSITION,OMP,0.016282547
1024,1,TRANSPOSITION,OMP,0.016271725
1024,1,TRANSPOSITION,OMP,0.016269978
1024,1,TRANSPOSITION,OMP,0.016278304
1024,1,TRANSPOSITION,OMP,0.016296659
1024,1,TRANSPOSITION,OMP,0.016281832
1024,1,TRANSPOSITION,OMP,0.016287860
1024,1,TRANSPOSITION,OMP,0.016283210
1024,1,TRANSPOSITION,OMP,0.016284131
1024,1,TRANSPOSITION,OMP,0.016335335
2048,1,SYMMETRY,OMP,0.029097650
2048,1,TRANSPOSITION,OMP,0.113449309
2048,1,SYMMETRY,OMP,0.026523042
2048,1,TRANSPOSITION,OMP,0.109177504
2048,1,SYMMETRY,OMP,0.026858307
2048,1,TRANSPOSITION,OMP,0.114525821
2048,1,SYMMETRY,OMP,0.027259137
2048,1,TRANSPOSITION,OMP,0.118542969
2048,1,SYMMETRY,OMP,0.027428038
2048,1,TRANSPOSITION,OMP,0.120153945
2048,1,SYMMETRY,OMP,0.026736423
2048,1,TRANSPOSITION,OMP,0.113546316
2048,1,SYMMETRY,OMP,0.028158177
2048,1,TRANSPOSITION,OMP,0.116468593
2048,1,SYMMETRY,OMP,0.026460871
2048,1,TRANSPOSITION,OMP,0.119396593
2048,1,SYMMETRY,OMP,0.027714290
2048,1,TRANSPOSITION,OMP,0.119323980
2048,1,SYMMETRY,OMP,0.026088446
2048,1,TRANSPOSITION,OMP,0.116120774
2048,1,SYMMETRY,OMP,0.027704239
2048,1,TRANSPOSITION,OMP,0.116610020
2048,1,SYMMETRY,OMP,0.026338279
2048,1,TRANSPOSITION,OMP,0.117754854
2048,1,SYMMETRY,OMP,0.027182199
2048,1,TRANSPOSITION,OMP,0.118377548
2048,1,SYMMETRY,OMP,0.027515374
2048,1,TRANSPOSITION,OMP,0.115214575
2048,1,SYMMETRY,OMP,0.027102936
2048,1,TRANSPOSITION,OMP,0.113803528
2048,1,TRANSPOSITION,OMP,0.172856066
2048,1,TRANSPOSITION,OMP,0.109325409
2048,1,TRANSPOSITION,OMP,0.157202963
2048,1,TRANSPOSITION,OMP,0.162408844
2048,1,TRANSPOSITION,OMP,0.180704016
2048,1,TRANSPOSITION,OMP,0.150479279
2048,1,TRANSPOSITION,OMP,0.117477443
2048,1,TRANSPOSITION,OMP,0.112680625
2048,1,TRANSPOSITION,OMP,0.115540020
2048,1,TRANSPOSITION,OMP,0.149096169
2048,1,TRANSPOSITION,OMP,0.154927462
2048,1,TRANSPOSITION,OMP,0.156980731
2048,1,TRANSPOSITION,OMP,0.120160393
2048,1,TRANSPOSITION,OMP,0.111466385
2048,1,TRANSPOSITION,OMP,0.153539505
4096,1,SYMMETRY,OMP,0.398497146
4096,1,TRANSPOSITION,OMP,2.008707792
4096,1,SYMMETRY,OMP,0.398657735
4096,1,TRANSPOSITION,OMP,2.046682283
4096,1,SYMMETRY,OMP,0.399250690
4096,1,TRANSPOSITION,OMP,2.017372113
4096,1,SYMMETRY,OMP,0.399231646
4096,1,TRANSPOSITION,OMP,1.941801962
4096,1,SYMMETRY,OMP,0.398927320
4096,1,TRANSPOSITION,OMP,2.023604371
4096,1,SYMMETRY,OMP,0.399003670
4096,1,TRANSPOSITION,OMP,1.994989313
4096,1,SYMMETRY,OMP,0.397329964
4096,1,TRANSPOSITION,OMP,2.042328835
4096,1,SYMMETRY,OMP,0.398938954
4096,1,TRANSPOSITION,OMP,2.057727452
4096,1,SYMMETRY,OMP,0.399337813
4096,1,TRANSPOSITION,OMP,2.030200291
4096,1,SYMMETRY,OMP,0.398495197
4096,1,TRANSPOSITION,OMP,2.032294147
4096,1,SYMMETRY,OMP,0.399383232
4096,1,TRANSPOSITION,OMP,1.984678939
4096,1,SYMMETRY,OMP,0.398573168
4096,1,TRANSPOSITION,OMP,2.015005920
4096,1,SYMMETRY,OMP,0.398654114
4096,1,TRANSPOSITION,OMP,2.003178556
4096,1,SYMMETRY,OMP,0.399030652
4096,1,TRANSPOSITION,OMP,2.054409988
4096,1,SYMMETRY,OMP,0.399431013
4096,1,TRANSPOSITION,OMP,2.030023441
4096,1,TRANSPOSITION,OMP,2.028478231
4096,1,TRANSPOSITION,OMP,2.017064549
4096,1,TRANSPOSITION,OMP,2.038340129
4096,1,TRANSPOSITION,OMP,1.999417216
4096,1,TRANSPOSITION,OMP,2.046225704
4096,1,TRANSPOSITION,OMP,2.040152561
4096,1,TRANSPOSITION,OMP,2.056988683
4096,1,TRANSPOSITION,OMP,2.004732545
4096,1,TRANSPOSITION,OMP,2.032214358
4096,1,TRANSPOSITION,OMP,1.955602020
4096,1,TRANSPOSITION,OMP,2.055115614
4096,1,TRANSPOSITION,OMP,2.018329408
4096,1,TRANSPOSITION,OMP,2.054487232
4096,1,TRANSPOSITION,OMP,2.032698408
4096,1,TRANSPOSITION,OMP,2.058256220
16,1,SYMMETRY,OMP,0.000013456
16,1,TRANSPOSITION,OMP,0.000001151
16,1,SYMMETRY,OMP,0.000012521
16,1,TRANSPOSITION,OMP,0.000001088
16,1,SYMMETRY,OMP,0.000012066
16,1,TRANSPOSITION,OMP,0.000001147
16,1,SYMMETRY,OMP,0.000012167
16,1,TRANSPOSITION,OMP,0.000001073
16,1,SYMMETRY,OMP,0.000011798
16,1,TRANSPOSITION,OMP,0.000001062
16,1,SYMMETRY,OMP,0.000011686
16,1,TRANSPOSITION,OMP,0.000001229
16,1,SYMMETRY,OMP,0.000011582
16,1,TRANSPOSITION,OMP,0.000001065
16,1,SYMMETRY,OMP,0.000011783
16,1,TRANSPOSITION,OMP,0.000001073
16,1,SYMMETRY,OMP,0.000012327
16,1,TRANSPOSITION,OMP,0.000001043
16,1,SYMMETRY,OMP,0.000011731
16,1,TRANSPOSITION,OMP,0.000001121
16,1,SYMMETRY,OMP,0.000011820
16,1,TRANSPOSITION,OMP,0.000001043
16,1,SYMMETRY,OMP,0.000012986
16,1,TRANSPOSITION,OMP,0.000001092
16,1,SYMMETRY,OMP,0.000011623
16,1,TRANSPOSITION,OMP,0.000001073
16,1,SYMMETRY,OMP,0.000011619
16,1,TRANSPOSITION,OMP,0.000001039
16,1,SYMMETRY,OMP,0.000011843
16,1,TRANSPOSITION,OMP,0.000001054
16,1,TRANSPOSITION,OMP,0.000001386
16,1,TRANSPOSITION,OMP,0.000001375
16,1,TRANSPOSITION,OMP,0.000001423
16,1,TRANSPOSITION,OMP,0.000001453
16,1,TRANSPOSITION,OMP,0.000001490
16,1,TRANSPOSITION,OMP,0.000001252
16,1,TRANSPOSITION,OMP,0.000001453
16,1,TRANSPOSITION,OMP,0.000001278
16,1,TRANSPOSITION,OMP,0.000001274
16,1,TRANSPOSITION,OMP,0.000001416
16,1,TRANSPOSITION,OMP,0.000001367
16,1,TRANSPOSITION,OMP,0.000001229
16,1,TRANSPOSITION,OMP,0.000001281
16,1,TRANSPOSITION,OMP,0.000001211
16,1,TRANSPOSITION,OMP,0.000001278
32,1,SYMMETRY,OMP,0.000023868
32,1,TRANSPOSITION,OMP,0.000002988
32,1,SYMMETRY,OMP,0.000023343
32,1,TRANSPOSITION,OMP,0.000002913
32,1,SYMMETRY,OMP,0.000023205
32,1,TRANSPOSITION,OMP,0.000002824
32,1,SYMMETRY,OMP,0.000023019
32,1,TRANSPOSITION,OMP,0.000002820
32,1,SYMMETRY,OMP,0.000023007
32,1,TRANSPOSITION,OMP,0.000002764
32,1,SYMMETRY,OMP,0.000023220
32,1,TRANSPOSITION,OMP,0.000002801
32,1,SYMMETRY,OMP,0.000023242
32,1,TRANSPOSITION,OMP,0.000002779
32,1,SYMMETRY,OMP,0.000022911
32,1,TRANSPOSITION,OMP,0.000002760
32,1,SYMMETRY,OMP,0.000023387
32,1,TRANSPOSITION,OMP,0.000002827
32,1,SYMMETRY,OMP,0.000023741
32,1,TRANSPOSITION,OMP,0.000002809
32,1,SYMMETRY,OMP,0.000023413
32,1,TRANSPOSITION,OMP,0.000002984
32,1,SYMMETRY,OMP,0.000023369
32,1,TRANSPOSITION,OMP,0.000002831
32,1,SYMMETRY,OMP,0.000023264
32,1,TRANSPOSITION,OMP,0.000002813
32,1,SYMMETRY,OMP,0.000023212
32,1,TRANSPOSITION,OMP,0.000002827
32,1,SYMMETRY,OMP,0.000023767
32,1,TRANSPOSITION,OMP,0.000003032
32,1,TRANSPOSITION,OMP,0.000003166
32,1,TRANSPOSITION,OMP,0.000003424
32,1,TRANSPOSITION,OMP,0.000002988
32,1,TRANSPOSITION,OMP,0.000003040
32,1,TRANSPOSITION,OMP,0.000003185
32,1,TRANSPOSITION,OMP,0.000003070
32,1,TRANSPOSITION,OMP,0.000003133
32,1,TRANSPOSITION,OMP,0.000003267
32,1,TRANSPOSITION,OMP,0.000003040
32,1,TRANSPOSITION,OMP,0.000003107
32,1,TRANSPOSITION,OMP,0.000003055
32,1,TRANSPOSITION,OMP,0.000003014
32,1,TRANSPOSITION,OMP,0.000003066
32,1,TRANSPOSITION,OMP,0.000003155
32,1,TRANSPOSITION,OMP,0.000003226
64,1,SYMMETRY,OMP,0.000048351
64,1,TRANSPOSITION,OMP,0.000011884
64,1,SYMMETRY,OMP,0.000048053
64,1,TRANSPOSITION,OMP,0.000009917
64,1,SYMMETRY,OMP,0.000047952
64,1,TRANSPOSITION,OMP,0.000009909
64,1,SYMMETRY,OMP,0.000048041
64,1,TRANSPOSITION,OMP,0.000009920
64,1,SYMMETRY,OMP,0.000048015
64,1,TRANSPOSITION,OMP,0.000009958
64,1,SYMMETRY,OMP,0.000048041
64,1,TRANSPOSITION,OMP,0.000009883
64,1,SYMMETRY,OMP,0.000047971
64,1,TRANSPOSITION,OMP,0.000009853
64,1,SYMMETRY,OMP,0.000049625
64,1,TRANSPOSITION,OMP,0.000009842
64,1,SYMMETRY,OMP,0.000048872
64,1,TRANSPOSITION,OMP,0.000010189
64,1,SYMMETRY,OMP,0.000049476
64,1,TRANSPOSITION,OMP,0.000009976
64,1,SYMMETRY,OMP,0.000049070
64,1,TRANSPOSITION,OMP,0.000009932
64,1,SYMMETRY,OMP,0.000049230
64,1,TRANSPOSITION,OMP,0.000009850
64,1,SYMMETRY,OMP,0.000047963
64,1,TRANSPOSITION,OMP,0.000009950
64,1,SYMMETRY,OMP,0.000049096
64,1,TRANSPOSITION,OMP,0.000009827
64,1,SYMMETRY,OMP,0.000049911
64,1,TRANSPOSITION,OMP,0.000010010
64,1,TRANSPOSITION,OMP,0.000010222
64,1,TRANSPOSITION,OMP,0.000010479
64,1,TRANSPOSITION,OMP,0.000010137
64,1,TRANSPOSITION,OMP,0.000010267
64,1,TRANSPOSITION,OMP,0.000009920
64,1,TRANSPOSITION,OMP,0.000009995
64,1,TRANSPOSITION,OMP,0.000010233
64,1,TRANSPOSITION,OMP,0.000010118
64,1,TRANSPOSITION,OMP,0.000010137
64,1,TRANSPOSITION,OMP,0.000010096
64,1,TRANSPOSITION,OMP,0.000010222
64,1,TRANSPOSITION,OMP,0.000010137
64,1,TRANSPOSITION,OMP,0.000010394
64,1,TRANSPOSITION,OMP,0.000009932
64,1,TRANSPOSITION,OMP,0.000010040
128,1,SYMMETRY,OMP,0.000109222
128,1,TRANSPOSITION,OMP,0.000039812
128,1,SYMMETRY,OMP,0.000108324
128,1,TRANSPOSITION,OMP,0.000039779
128,1,SYMMETRY,OMP,0.000108536
128,1,TRANSPOSITION,OMP,0.000039693
128,1,SYMMETRY,OMP,0.000108231
128,1,TRANSPOSITION,OMP,0.000039957
128,1,SYMMETRY,OMP,0.000108618
128,1,TRANSPOSITION,OMP,0.000039823
128,1,SYMMETRY,OMP,0.000108607
128,1,TRANSPOSITION,OMP,0.000039652
128,1,SYMMETRY,OMP,0.000108682
128,1,TRANSPOSITION,OMP,0.000039715
128,1,SYMMETRY,OMP,0.000108898
128,1,TRANSPOSITION,OMP,0.000039741
128,1,SYMMETRY,OMP,0.000109069
128,1,TRANSPOSITION,OMP,0.000039693
128,1,SYMMETRY,OMP,0.000108860
128,1,TRANSPOSITION,OMP,0.000039667
128,1,SYMMETRY,OMP,0.000108253
128,1,TRANSPOSITION,OMP,0.000039648
128,1,SYMMETRY,OMP,0.000108130
128,1,TRANSPOSITION,OMP,0.000039596
128,1,SYMMETRY,OMP,0.000108402
128,1,TRANSPOSITION,OMP,0.000039693
128,1,SYMMETRY,OMP,0.000108402
128,1,TRANSPOSITION,OMP,0.000039771
128,1,SYMMETRY,OMP,0.000108294
128,1,TRANSPOSITION,OMP,0.000039745
128,1,TRANSPOSITION,OMP,0.000040069
128,1,TRANSPOSITION,OMP,0.000040345
128,1,TRANSPOSITION,OMP,0.000039965
128,1,TRANSPOSITION,OMP,0.000040077
128,1,TRANSPOSITION,OMP,0.000040058
128,1,TRANSPOSITION,OMP,0.000039980
128,1,TRANSPOSITION,OMP,0.000040147
128,1,TRANSPOSITION,OMP,0.000039913
128,1,TRANSPOSITION,OMP,0.000040539
128,1,TRANSPOSITION,OMP,0.000040047
128,1,TRANSPOSITION,OMP,0.000039976
128,1,TRANSPOSITION,OMP,0.000040006
128,1,TRANSPOSITION,OMP,0.000039760
128,1,TRANSPOSITION,OMP,0.000040412
128,1,TRANSPOSITION,OMP,0.000040010
256,1,SYMMETRY,OMP,0.000262950
256,1,TRANSPOSITION,OMP,0.000352800
256,1,SYMMETRY,OMP,0.000269141
256,1,TRANSPOSITION,OMP,0.000350133
256,1,SYMMETRY,OMP,0.000266060
256,1,TRANSPOSITION,OMP,0.000310585
256,1,SYMMETRY,OMP,0.000263706
256,1,TRANSPOSITION,OMP,0.000312321
256,1,SYMMETRY,OMP,0.000262093
256,1,TRANSPOSITION,OMP,0.000353076
256,1,SYMMETRY,OMP,0.000267908
256,1,TRANSPOSITION,OMP,0.000311114
256,1,SYMMETRY,OMP,0.000261746
256,1,TRANSPOSITION,OMP,0.000311285
256,1,SYMMETRY,OMP,0.000265509
256,1,TRANSPOSITION,OMP,0.000313409
256,1,SYMMETRY,OMP,0.000265718
256,1,TRANSPOSITION,OMP,0.000350483
256,1,SYMMETRY,OMP,0.000266016
256,1,TRANSPOSITION,OMP,0.000311796
256,1,SYMMETRY,OMP,0.000265393
256,1,TRANSPOSITION,OMP,0.000311244
256,1,SYMMETRY,OMP,0.000264984
256,1,TRANSPOSITION,OMP,0.000351809
256,1,SYMMETRY,OMP,0.000263467
256,1,TRANSPOSITION,OMP,0.000350032
256,1,SYMMETRY,OMP,0.000261415
256,1,TRANSPOSITION,OMP,0.000350058
256,1,SYMMETRY,OMP,0.000265881
256,1,TRANSPOSITION,OMP,0.000312950
256,1,TRANSPOSITION,OMP,0.000350811
256,1,TRANSPOSITION,OMP,0.000311509
256,1,TRANSPOSITION,OMP,0.000314325
256,1,TRANSPOSITION,OMP,0.000312749
256,1,TRANSPOSITION,OMP,0.000312511
256,1,TRANSPOSITION,OMP,0.000349708
256,1,TRANSPOSITION,OMP,0.000313085
256,1,TRANSPOSITION,OMP,0.000312243
256,1,TRANSPOSITION,OMP,0.000314593
256,1,TRANSPOSITION,OMP,0.000311375
256,1,TRANSPOSITION,OMP,0.000314612
256,1,TRANSPOSITION,OMP,0.000324704
256,1,TRANSPOSITION,OMP,0.000313044
256,1,TRANSPOSITION,OMP,0.000312123
256,1,TRANSPOSITION,OMP,0.000315327
512,1,SYMMETRY,OMP,0.000844616
512,1,TRANSPOSITION,OMP,0.002598248
512,1,SYMMETRY,OMP,0.000836387
512,1,TRANSPOSITION,OMP,0.002591234
512,1,SYMMETRY,OMP,0.000839431
512,1,TRANSPOSITION,OMP,0.002591901
512,1,SYMMETRY,OMP,0.000837039
512,1,TRANSPOSITION,OMP,0.002588611
512,1,SYMMETRY,OMP,0.000838008
512,1,TRANSPOSITION,OMP,0.002594821
512,1,SYMMETRY,OMP,0.000837386
512,1,TRANSPOSITION,OMP,0.002593953
512,1,SYMMETRY,OMP,0.000839185
512,1,TRANSPOSITION,OMP,0.002584338
512,1,SYMMETRY,OMP,0.000838351
512,1,TRANSPOSITION,OMP,0.002590258
512,1,SYMMETRY,OMP,0.000838596
512,1,TRANSPOSITION,OMP,0.002590459
512,1,SYMMETRY,OMP,0.000840049
512,1,TRANSPOSITION,OMP,0.002592836
512,1,SYMMETRY,OMP,0.000835750
512,1,TRANSPOSITION,OMP,0.002594981
512,1,SYMMETRY,OMP,0.000836216
512,1,TRANSPOSITION,OMP,0.002586678
512,1,SYMMETRY,OMP,0.000838399
512,1,TRANSPOSITION,OMP,0.002599288
512,1,SYMMETRY,OMP,0.000836279
512,1,TRANSPOSITION,OMP,0.002595861
512,1,SYMMETRY,OMP,0.000838161
512,1,TRANSPOSITION,OMP,0.002587888
512,1,TRANSPOSITION,OMP,0.002583589
512,1,TRANSPOSITION,OMP,0.002582975
512,1,TRANSPOSITION,OMP,0.002584238
512,1,TRANSPOSITION,OMP,0.002583973
512,1,TRANSPOSITION,OMP,0.002587255
512,1,TRANSPOSITION,OMP,0.002585661
512,1,TRANSPOSITION,OMP,0.002588041
512,1,TRANSPOSITION,OMP,0.002587840
512,1,TRANSPOSITION,OMP,0.002584111
512,1,TRANSPOSITION,OMP,0.002587676
512,1,TRANSPOSITION,OMP,0.002583928
512,1,TRANSPOSITION,OMP,0.002588414
512,1,TRANSPOSITION,OMP,0.002580944
512,1,TRANSPOSITION,OMP,0.002589136
512,1,TRANSPOSITION,OMP,0.002586026
1024,1,SYMMETRY,OMP,0.003457844
1024,1,TRANSPOSITION,OMP,0.016359448
1024,1,SYMMETRY,OMP,0.003454600
1024,1,TRANSPOSITION,OMP,0.016273834
1024,1,SYMMETRY,OMP,0.003455654
1024,1,TRANSPOSITION,OMP,0.016350623
1024,1,SYMMETRY,OMP,0.003476631
1024,1,TRANSPOSITION,OMP,0.016273681
1024,1,SYMMETRY,OMP,0.003455963
1024,1,TRANSPOSITION,OMP,0.016355075
1024,1,SYMMETRY,OMP,0.003462825
1024,1,TRANSPOSITION,OMP,0.016278908
1024,1,SYMMETRY,OMP,0.003472775
1024,1,TRANSPOSITION,OMP,0.016273838
1024,1,SYMMETRY,OMP,0.003458731
1024,1,TRANSPOSITION,OMP,0.016351737
1024,1,SYMMETRY,OMP,0.003478631
1024,1,TRANSPOSITION,OMP,0.016351584
1024,1,SYMMETRY,OMP,0.003460851
1024,1,TRANSPOSITION,OMP,0.016266849
1024,1,SYMMETRY,OMP,0.003462724
1024,1,TRANSPOSITION,OMP,0.016278926
1024,1,SYMMETRY,OMP,0.003459137
1024,1,TRANSPOSITION,OMP,0.016282227
1024,1,SYMMETRY,OMP,0.003456593
1024,1,TRANSPOSITION,OMP,0.016280018
1024,1,SYMMETRY,OMP,0.003460899
1024,1,TRANSPOSITION,OMP,0.016273320
1024,1,SYMMETRY,OMP,0.003479138
1024,1,TRANSPOSITION,OMP,0.016293518
1024,1,TRANSPOSITION,OMP,0.016295187
1024,1,TRANSPOSITION,OMP,0.016280789
1024,1,TRANSPOSITION,OMP,0.016270157
1024,1,TRANSPOSITION,OMP,0.016272843
1024,1,TRANSPOSITION,OMP,0.016278621
1024,1,TRANSPOSITION,OMP,0.016278066
1024,1,TRANSPOSITION,OMP,0.016297776
1024,1,TRANSPOSITION,OMP,0.016286399
1024,1,TRANSPOSITION,OMP,0.016277108
1024,1,TRANSPOSITION,OMP,0.016274150
1024,1,TRANSPOSITION,OMP,0.016281344
1024,1,TRANSPOSITION,OMP,0.016278073
1024,1,TRANSPOSITION,OMP,0.016267952
1024,1,TRANSPOSITION,OMP,0.016276397
1024,1,TRANSPOSITION,OMP,0.016268943
2048,1,SYMMETRY,OMP,0.027409617
2048,1,TRANSPOSITION,OMP,0.102245249
2048,1,SYMMETRY,OMP,0.027023524
2048,1,TRANSPOSITION,OMP,0.110165935
2048,1,SYMMETRY,OMP,0.025656302
2048,1,TRANSPOSITION,OMP,0.103557453
2048,1,SYMMETRY,OMP,0.027268790
2048,1,TRANSPOSITION,OMP,0.111511026
2048,1,SYMMETRY,OMP,0.027623482
2048,1,TRANSPOSITION,OMP,0.108205512
2048,1,SYMMETRY,OMP,0.025712773
2048,1,TRANSPOSITION,OMP,0.107577257
2048,1,SYMMETRY,OMP,0.025606170
2048,1,TRANSPOSITION,OMP,0.105918426
2048,1,SYMMETRY,OMP,0.027454484
2048,1,TRANSPOSITION,OMP,0.116509590
2048,1,SYMMETRY,OMP,0.027021416
2048,1,TRANSPOSITION,OMP,0.110496346
2048,1,SYMMETRY,OMP,0.027168710
2048,1,TRANSPOSITION,OMP,0.111127935
2048,1,SYMMETRY,OMP,0.026839662
2048,1,TRANSPOSITION,OMP,0.116037302
2048,1,SYMMETRY,OMP,0.026016861
2048,1,TRANSPOSITION,OMP,0.113529734
2048,1,SYMMETRY,OMP,0.026312012
2048,1,TRANSPOSITION,OMP,0.114562795
2048,1,SYMMETRY,OMP,0.027262326
2048,1,TRANSPOSITION,OMP,0.102179091
2048,1,SYMMETRY,OMP,0.026247576
2048,1,TRANSPOSITION,OMP,0.116294146
2048,1,TRANSPOSITION,OMP,0.160992362
2048,1,TRANSPOSITION,OMP,0.112825833
2048,1,TRANSPOSITION,OMP,0.113835204
2048,1,TRANSPOSITION,OMP,0.110410821
2048,1,TRANSPOSITION,OMP,0.113891460
2048,1,TRANSPOSITION,OMP,0.110048939
2048,1,TRANSPOSITION,OMP,0.117241219
2048,1,TRANSPOSITION,OMP,0.115897503
2048,1,TRANSPOSITION,OMP,0.111179680
2048,1,TRANSPOSITION,OMP,0.154038779
2048,1,TRANSPOSITION,OMP,0.113091860
2048,1,TRANSPOSITION,OMP,0.112356167
2048,1,TRANSPOSITION,OMP,0.128138334
2048,1,TRANSPOSITION,OMP,0.115211267
2048,1,TRANSPOSITION,OMP,0.118666638
4096,1,SYMMETRY,OMP,0.398698900
4096,1,TRANSPOSITION,OMP,2.012834188
4096,1,SYMMETRY,OMP,0.398158792
4096,1,TRANSPOSITION,OMP,2.022288386
4096,1,SYMMETRY,OMP,0.398699611
4096,1,TRANSPOSITION,OMP,2.037851069
4096,1,SYMMETRY,OMP,0.398912568
4096,1,TRANSPOSITION,OMP,2.001339998
4096,1,SYMMETRY,OMP,0.399405565
4096,1,TRANSPOSITION,OMP,2.003383968
4096,1,SYMMETRY,OMP,0.400263958
4096,1,TRANSPOSITION,OMP,1.995135836
4096,1,SYMMETRY,OMP,0.398807380
4096,1,TRANSPOSITION,OMP,2.011822253
4096,1,SYMMETRY,OMP,0.396545995
4096,1,TRANSPOSITION,OMP,2.003459413
4096,1,SYMMETRY,OMP,0.399207078
4096,1,TRANSPOSITION,OMP,1.988820624
4096,1,SYMMETRY,OMP,0.399031855
4096,1,TRANSPOSITION,OMP,2.020432364
4096,1,SYMMETRY,OMP,0.399352401
4096,1,TRANSPOSITION,OMP,1.992282763
4096,1,SYMMETRY,OMP,0.399191365
4096,1,TRANSPOSITION,OMP,2.005278867
4096,1,SYMMETRY,OMP,0.399262354
4096,1,TRANSPOSITION,OMP,2.005358085
4096,1,SYMMETRY,OMP,0.398963064
4096,1,TRANSPOSITION,OMP,2.032573532
4096,1,SYMMETRY,OMP,0.398296248
4096,1,TRANSPOSITION,OMP,1.999006145
4096,1,TRANSPOSITION,OMP,2.010803279
4096,1,TRANSPOSITION,OMP,2.020546064
4096,1,TRANSPOSITION,OMP,2.013233431
4096,1,TRANSPOSITION,OMP,1.993666831
4096,1,TRANSPOSITION,OMP,2.009931717
4096,1,TRANSPOSITION,OMP,2.040394716
4096,1,TRANSPOSITION,OMP,2.024690580
4096,1,TRANSPOSITION,OMP,2.031604063
4096,1,TRANSPOSITION,OMP,2.037826099
4096,1,TRANSPOSITION,OMP,2.005064778
4096,1,TRANSPOSITION,OMP,2.022400331
4096,1,TRANSPOSITION,OMP,2.011106201
4096,1,TRANSPOSITION,OMP,2.013592038
4096,1,TRANSPOSITION,OMP,2.002766252
4096,1,TRANSPOSITION,OMP,2.018964458
16,1,SYMMETRY,OMP,0.000016157
16,1,TRANSPOSITION,OMP,0.000001200
16,1,SYMMETRY,OMP,0.000011828
16,1,TRANSPOSITION,OMP,0.000001118
16,1,SYMMETRY,OMP,0.000012130
16,1,TRANSPOSITION,OMP,0.000001047
16,1,SYMMETRY,OMP,0.000011679
16,1,TRANSPOSITION,OMP,0.000001058
16,1,SYMMETRY,OMP,0.000011984
16,1,TRANSPOSITION,OMP,0.000001088
16,1,SYMMETRY,OMP,0.000011716
16,1,TRANSPOSITION,OMP,0.000001092
16,1,SYMMETRY,OMP,0.000011917
16,1,TRANSPOSITION,OMP,0.000001047
16,1,SYMMETRY,OMP,0.000012137
16,1,TRANSPOSITION,OMP,0.000001058
16,1,SYMMETRY,OMP,0.000011805
16,1,TRANSPOSITION,OMP,0.000001110
16,1,SYMMETRY,OMP,0.000011742
16,1,TRANSPOSITION,OMP,0.000001114
16,1,SYMMETRY,OMP,0.000011820
16,1,TRANSPOSITION,OMP,0.000001114
16,1,SYMMETRY,OMP,0.000011623
16,1,TRANSPOSITION,OMP,0.000001106
16,1,SYMMETRY,OMP,0.000011496
16,1,TRANSPOSITION,OMP,0.000001051
16,1,SYMMETRY,OMP,0.000011686
16,1,TRANSPOSITION,OMP,0.000001054
16,1,SYMMETRY,OMP,0.000012707
16,1,TRANSPOSITION,OMP,0.000001054
16,1,TRANSPOSITION,OMP,0.000001274
16,1,TRANSPOSITION,OMP,0.000001457
16,1,TRANSPOSITION,OMP,0.000001390
16,1,TRANSPOSITION,OMP,0.000001233
16,1,TRANSPOSITION,OMP,0.000001464
16,1,TRANSPOSITION,OMP,0.000001382
16,1,TRANSPOSITION,OMP,0.000001218
16,1,TRANSPOSITION,OMP,0.000001375
16,1,TRANSPOSITION,OMP,0.000001445
16,1,TRANSPOSITION,OMP,0.000001341
16,1,TRANSPOSITION,OMP,0.000001337
16,1,TRANSPOSITION,OMP,0.000001155
16,1,TRANSPOSITION,OMP,0.000001423
16,1,TRANSPOSITION,OMP,0.000001281
16,1,TRANSPOSITION,OMP,0.000001274
32,1,SYMMETRY,OMP,0.000024006
32,1,TRANSPOSITION,OMP,0.000002947
32,1,SYMMETRY,OMP,0.000023272
32,1,TRANSPOSITION,OMP,0.000002835
32,1,SYMMETRY,OMP,0.000023413
32,1,TRANSPOSITION,OMP,0.000002854
32,1,SYMMETRY,OMP,0.000022847
32,1,TRANSPOSITION,OMP,0.000002798
32,1,SYMMETRY,OMP,0.000022758
32,1,TRANSPOSITION,OMP,0.000002787
32,1,SYMMETRY,OMP,0.000022780
32,1,TRANSPOSITION,OMP,0.000002805
32,1,SYMMETRY,OMP,0.000022728
32,1,TRANSPOSITION,OMP,0.000002801
32,1,SYMMETRY,OMP,0.000022694
32,1,TRANSPOSITION,OMP,0.000002846
32,1,SYMMETRY,OMP,0.000023443
32,1,TRANSPOSITION,OMP,0.000002827
32,1,SYMMETRY,OMP,0.000023168
32,1,TRANSPOSITION,OMP,0.000002813
32,1,SYMMETRY,OMP,0.000023261
32,1,TRANSPOSITION,OMP,0.000002794
32,1,SYMMETRY,OMP,0.000023555
32,1,TRANSPOSITION,OMP,0.000002809
32,1,SYMMETRY,OMP,0.000023201
32,1,TRANSPOSITION,OMP,0.000002783
32,1,SYMMETRY,OMP,0.000022996
32,1,TRANSPOSITION,OMP,0.000002820
32,1,SYMMETRY,OMP,0.000023220
32,1,TRANSPOSITION,OMP,0.000002801
32,1,TRANSPOSITION,OMP,0.000003390
32,1,TRANSPOSITION,OMP,0.000003044
32,1,TRANSPOSITION,OMP,0.000002995
32,1,TRANSPOSITION,OMP,0.000003096
32,1,TRANSPOSITION,OMP,0.000003066
32,1,TRANSPOSITION,OMP,0.000003032
32,1,TRANSPOSITION,OMP,0.000003040
32,1,TRANSPOSITION,OMP,0.000002865
32,1,TRANSPOSITION,OMP,0.000003032
32,1,TRANSPOSITION,OMP,0.000003092
32,1,TRANSPOSITION,OMP,0.000002988
32,1,TRANSPOSITION,OMP,0.000002939
32,1,TRANSPOSITION,OMP,0.000002995
32,1,TRANSPOSITION,OMP,0.000002962
32,1,TRANSPOSITION,OMP,0.000002891
64,1,SYMMETRY,OMP,0.000048306
64,1,TRANSPOSITION,OMP,0.000009909
64,1,SYMMETRY,OMP,0.000048272
64,1,TRANSPOSITION,OMP,0.000010174
64,1,SYMMETRY,OMP,0.000048112
64,1,TRANSPOSITION,OMP,0.000009883
64,1,SYMMETRY,OMP,0.000049960
64,1,TRANSPOSITION,OMP,0.000009935
64,1,SYMMETRY,OMP,0.000048090
64,1,TRANSPOSITION,OMP,0.000009950
64,1,SYMMETRY,OMP,0.000049286
64,1,TRANSPOSITION,OMP,0.000010017
64,1,SYMMETRY,OMP,0.000048026
64,1,TRANSPOSITION,OMP,0.000009902
64,1,SYMMETRY,OMP,0.000049233
64,1,TRANSPOSITION,OMP,0.000009835
64,1,SYMMETRY,OMP,0.000049151
64,1,TRANSPOSITION,OMP,0.000009883
64,1,SYMMETRY,OMP,0.000048026
64,1,TRANSPOSITION,OMP,0.000009954
64,1,SYMMETRY,OMP,0.000049572
64,1,TRANSPOSITION,OMP,0.000009920
64,1,SYMMETRY,OMP,0.000047904
64,1,TRANSPOSITION,OMP,0.000009876
64,1,SYMMETRY,OMP,0.000049025
64,1,TRANSPOSITION,OMP,0.000009973
64,1,SYMMETRY,OMP,0.000049029
64,1,TRANSPOSITION,OMP,0.000009954
64,1,SYMMETRY,OMP,0.000049654
64,1,TRANSPOSITION,OMP,0.000009920
64,1,TRANSPOSITION,OMP,0.000010084
64,1,TRANSPOSITION,OMP,0.000010137
64,1,TRANSPOSITION,OMP,0.000010125
64,1,TRANSPOSITION,OMP,0.000010233
64,1,TRANSPOSITION,OMP,0.000010140
64,1,TRANSPOSITION,OMP,0.000010312
64,1,TRANSPOSITION,OMP,0.000010192
64,1,TRANSPOSITION,OMP,0.000010151
64,1,TRANSPOSITION,OMP,0.000010099
64,1,TRANSPOSITION,OMP,0.000010330
64,1,TRANSPOSITION,OMP,0.000010189
64,1,TRANSPOSITION,OMP,0.000010170
64,1,TRANSPOSITION,OMP,0.000010271
64,1,TRANSPOSITION,OMP,0.000010323
64,1,TRANSPOSITION,OMP,0.000010125
128,1,SYMMETRY,OMP,0.000108071
128,1,TRANSPOSITION,OMP,0.000041462
128,1,SYMMETRY,OMP,0.000110336
128,1,TRANSPOSITION,OMP,0.000039954
128,1,SYMMETRY,OMP,0.000107955
128,1,TRANSPOSITION,OMP,0.000039693
128,1,SYMMETRY,OMP,0.000109695
128,1,TRANSPOSITION,OMP,0.000039708
128,1,SYMMETRY,OMP,0.000108041
128,1,TRANSPOSITION,OMP,0.000039659
128,1,SYMMETRY,OMP,0.000110071
128,1,TRANSPOSITION,OMP,0.000039868
128,1,SYMMETRY,OMP,0.000110086
128,1,TRANSPOSITION,OMP,0.000039745
128,1,SYMMETRY,OMP,0.000110406
128,1,TRANSPOSITION,OMP,0.000039868
128,1,SYMMETRY,OMP,0.000107948
128,1,TRANSPOSITION,OMP,0.000039767
128,1,SYMMETRY,OMP,0.000110775
128,1,TRANSPOSITION,OMP,0.000039816
128,1,SYMMETRY,OMP,0.000110086
128,1,TRANSPOSITION,OMP,0.000039626
128,1,SYMMETRY,OMP,0.000108570
128,1,TRANSPOSITION,OMP,0.000039712
128,1,SYMMETRY,OMP,0.000110619
128,1,TRANSPOSITION,OMP,0.000039842
128,1,SYMMETRY,OMP,0.000109416
128,1,TRANSPOSITION,OMP,0.000039816
128,1,SYMMETRY,OMP,0.000109524
128,1,TRANSPOSITION,OMP,0.000039831
128,1,TRANSPOSITION,OMP,0.000040092
128,1,TRANSPOSITION,OMP,0.000040051
128,1,TRANSPOSITION,OMP,0.000039835
128,1,TRANSPOSITION,OMP,0.000040099
128,1,TRANSPOSITION,OMP,0.000039797
128,1,TRANSPOSITION,OMP,0.000039972
128,1,TRANSPOSITION,OMP,0.000040114
128,1,TRANSPOSITION,OMP,0.000039972
128,1,TRANSPOSITION,OMP,0.000039965
128,1,TRANSPOSITION,OMP,0.000039913
128,1,TRANSPOSITION,OMP,0.000039943
128,1,TRANSPOSITION,OMP,0.000039965
128,1,TRANSPOSITION,OMP,0.000040051
128,1,TRANSPOSITION,OMP,0.000039950
128,1,TRANSPOSITION,OMP,0.000039820
256,1,SYMMETRY,OMP,0.000264984
256,1,TRANSPOSITION,OMP,0.000350170
256,1,SYMMETRY,OMP,0.000259526
256,1,TRANSPOSITION,OMP,0.000350207
256,1,SYMMETRY,OMP,0.000262439
256,1,TRANSPOSITION,OMP,0.000313509
256,1,SYMMETRY,OMP,0.000264242
256,1,TRANSPOSITION,OMP,0.000311051
256,1,SYMMETRY,OMP,0.000260308
256,1,TRANSPOSITION,OMP,0.000310857
256,1,SYMMETRY,OMP,0.000262100
256,1,TRANSPOSITION,OMP,0.000312492
256,1,SYMMETRY,OMP,0.000266135
256,1,TRANSPOSITION,OMP,0.000314832
256,1,SYMMETRY,OMP,0.000267658
256,1,TRANSPOSITION,OMP,0.000311140
256,1,SYMMETRY,OMP,0.000260066
256,1,TRANSPOSITION,OMP,0.000310745
256,1,SYMMETRY,OMP,0.000260267
256,1,TRANSPOSITION,OMP,0.000313841
256,1,SYMMETRY,OMP,0.000260886
256,1,TRANSPOSITION,OMP,0.000314068
256,1,SYMMETRY,OMP,0.000263549
256,1,TRANSPOSITION,OMP,0.000311553
256,1,SYMMETRY,OMP,0.000258978
256,1,TRANSPOSITION,OMP,0.000311114
256,1,SYMMETRY,OMP,0.000262346
256,1,TRANSPOSITION,OMP,0.000349872
256,1,SYMMETRY,OMP,0.000264611
256,1,TRANSPOSITION,OMP,0.000351805
256,1,TRANSPOSITION,OMP,0.000313386
256,1,TRANSPOSITION,OMP,0.000316087
256,1,TRANSPOSITION,OMP,0.000311114
256,1,TRANSPOSITION,OMP,0.000315923
256,1,TRANSPOSITION,OMP,0.000312734
256,1,TRANSPOSITION,OMP,0.000314161
256,1,TRANSPOSITION,OMP,0.000311188
256,1,TRANSPOSITION,OMP,0.000314277
256,1,TRANSPOSITION,OMP,0.000313714
256,1,TRANSPOSITION,OMP,0.000314940
256,1,TRANSPOSITION,OMP,0.000311282
256,1,TRANSPOSITION,OMP,0.000311274
256,1,TRANSPOSITION,OMP,0.000311248
256,1,TRANSPOSITION,OMP,0.000312276
256,1,TRANSPOSITION,OMP,0.000313975
512,1,SYMMETRY,OMP,0.000842452
512,1,TRANSPOSITION,OMP,0.002599183
512,1,SYMMETRY,OMP,0.000838231
512,1,TRANSPOSITION,OMP,0.002596412
512,1,SYMMETRY,OMP,0.000841901
512,1,TRANSPOSITION,OMP,0.002592754
512,1,SYMMETRY,OMP,0.000838291
512,1,TRANSPOSITION,OMP,0.002593555
512,1,SYMMETRY,OMP,0.000840038
512,1,TRANSPOSITION,OMP,0.002589516
512,1,SYMMETRY,OMP,0.000838798
512,1,TRANSPOSITION,OMP,0.002589151
512,1,SYMMETRY,OMP,0.000843894
512,1,TRANSPOSITION,OMP,0.002592172
512,1,SYMMETRY,OMP,0.000839353
512,1,TRANSPOSITION,OMP,0.002588298
512,1,SYMMETRY,OMP,0.000837781
512,1,TRANSPOSITION,OMP,0.002596766
512,1,SYMMETRY,OMP,0.000845179
512,1,TRANSPOSITION,OMP,0.002590790
512,1,SYMMETRY,OMP,0.000838999
512,1,TRANSPOSITION,OMP,0.002584592
512,1,SYMMETRY,OMP,0.000837438
512,1,TRANSPOSITION,OMP,0.002587982
512,1,SYMMETRY,OMP,0.000840455
512,1,TRANSPOSITION,OMP,0.002589673
512,1,SYMMETRY,OMP,0.000839453
512,1,TRANSPOSITION,OMP,0.002594762
512,1,SYMMETRY,OMP,0.000847731
512,1,TRANSPOSITION,OMP,0.002591960
512,1,TRANSPOSITION,OMP,0.002584290
512,1,TRANSPOSITION,OMP,0.002587739
512,1,TRANSPOSITION,OMP,0.002583500
512,1,TRANSPOSITION,OMP,0.002594590
512,1,TRANSPOSITION,OMP,0.002585057
512,1,TRANSPOSITION,OMP,0.002586298
512,1,TRANSPOSITION,OMP,0.002587873
512,1,TRANSPOSITION,OMP,0.002585281
512,1,TRANSPOSITION,OMP,0.002586458
512,1,TRANSPOSITION,OMP,0.002582863
512,1,TRANSPOSITION,OMP,0.002586719
512,1,TRANSPOSITION,OMP,0.002591353
512,1,TRANSPOSITION,OMP,0.002591066
512,1,TRANSPOSITION,OMP,0.002586167
512,1,TRANSPOSITION,OMP,0.002585545
1024,1,SYMMETRY,OMP,0.003464669
1024,1,TRANSPOSITION,OMP,0.016275343
1024,1,SYMMETRY,OMP,0.003460485
1024,1,TRANSPOSITION,OMP,0.016286340
1024,1,SYMMETRY,OMP,0.003463786
1024,1,TRANSPOSITION,OMP,0.016351268
1024,1,SYMMETRY,OMP,0.003469530
1024,1,TRANSPOSITION,OMP,0.016276628
1024,1,SYMMETRY,OMP,0.003464986
1024,1,TRANSPOSITION,OMP,0.016295005
1024,1,SYMMETRY,OMP,0.003459681
1024,1,TRANSPOSITION,OMP,0.016357232
1024,1,SYMMETRY,OMP,0.003460091
1024,1,TRANSPOSITION,OMP,0.016288724
1024,1,SYMMETRY,OMP,0.003475521
1024,1,TRANSPOSITION,OMP,0.016280346
1024,1,SYMMETRY,OMP,0.003462177
1024,1,TRANSPOSITION,OMP,0.016277403
1024,1,SYMMETRY,OMP,0.003459781
1024,1,TRANSPOSITION,OMP,0.016274273
1024,1,SYMMETRY,OMP,0.003461670
1024,1,TRANSPOSITION,OMP,0.016352359
1024,1,SYMMETRY,OMP,0.003474519
1024,1,TRANSPOSITION,OMP,0.016288649
1024,1,SYMMETRY,OMP,0.003458939
1024,1,TRANSPOSITION,OMP,0.016351599
1024,1,SYMMETRY,OMP,0.003458481
1024,1,TRANSPOSITION,OMP,0.016364265
1024,1,SYMMETRY,OMP,0.003460772
1024,1,TRANSPOSITION,OMP,0.016288418
1024,1,TRANSPOSITION,OMP,0.016271595
1024,1,TRANSPOSITION,OMP,0.016264904
1024,1,TRANSPOSITION,OMP,0.016272329
1024,1,TRANSPOSITION,OMP,0.016266331
1024,1,TRANSPOSITION,OMP,0.016366333
1024,1,TRANSPOSITION,OMP,0.016274478
1024,1,TRANSPOSITION,OMP,0.016275480
1024,1,TRANSPOSITION,OMP,0.016265020
1024,1,TRANSPOSITION,OMP,0.016283330
1024,1,TRANSPOSITION,OMP,0.016270358
1024,1,TRANSPOSITION,OMP,0.016277891
1024,1,TRANSPOSITION,OMP,0.016272105
1024,1,TRANSPOSITION,OMP,0.016264554
1024,1,TRANSPOSITION,OMP,0.016351394
1024,1,TRANSPOSITION,OMP,0.016270641
2048,1,SYMMETRY,OMP,0.021003507
2048,1,TRANSPOSITION,OMP,0.097457062
2048,1,SYMMETRY,OMP,0.026691660
2048,1,TRANSPOSITION,OMP,0.109097548
2048,1,SYMMETRY,OMP,0.026624851
2048,1,TRANSPOSITION,OMP,0.101928599
2048,1,SYMMETRY,OMP,0.027083553
2048,1,TRANSPOSITION,OMP,0.114826128
2048,1,SYMMETRY,OMP,0.026016176
2048,1,TRANSPOSITION,OMP,0.103206947
2048,1,SYMMETRY,OMP,0.027096719
2048,1,TRANSPOSITION,OMP,0.102602728
2048,1,SYMMETRY,OMP,0.026717748
2048,1,TRANSPOSITION,OMP,0.102083985
2048,1,SYMMETRY,OMP,0.027192775
2048,1,TRANSPOSITION,OMP,0.126957405
2048,1,SYMMETRY,OMP,0.026539579
2048,1,TRANSPOSITION,OMP,0.102830756
2048,1,SYMMETRY,OMP,0.027720034
2048,1,TRANSPOSITION,OMP,0.106830914
2048,1,SYMMETRY,OMP,0.027192079
2048,1,TRANSPOSITION,OMP,0.109962668
2048,1,SYMMETRY,OMP,0.026106730
2048,1,TRANSPOSITION,OMP,0.103409037
2048,1,SYMMETRY,OMP,0.026136149
2048,1,TRANSPOSITION,OMP,0.111884166
2048,1,SYMMETRY,OMP,0.028222732
2048,1,TRANSPOSITION,OMP,0.114262089
2048,1,SYMMETRY,OMP,0.026547797
2048,1,TRANSPOSITION,OMP,0.104245190
2048,1,TRANSPOSITION,OMP,0.120378554
2048,1,TRANSPOSITION,OMP,0.115476541
2048,1,TRANSPOSITION,OMP,0.113294687
2048,1,TRANSPOSITION,OMP,0.215442758
2048,1,TRANSPOSITION,OMP,0.156588089
2048,1,TRANSPOSITION,OMP,0.111430075
2048,1,TRANSPOSITION,OMP,0.112525813
2048,1,TRANSPOSITION,OMP,0.112172335
2048,1,TRANSPOSITION,OMP,0.116128877
2048,1,TRANSPOSITION,OMP,0.113673966
2048,1,TRANSPOSITION,OMP,0.153507520
2048,1,TRANSPOSITION,OMP,0.113107983
2048,1,TRANSPOSITION,OMP,0.112852056
2048,1,TRANSPOSITION,OMP,0.098445006
2048,1,TRANSPOSITION,OMP,0.110059503
4096,1,SYMMETRY,OMP,0.398049843
4096,1,TRANSPOSITION,OMP,2.038783293
4096,1,SYMMETRY,OMP,0.398741513
4096,1,TRANSPOSITION,OMP,1.987491652
4096,1,SYMMETRY,OMP,0.397841115
4096,1,TRANSPOSITION,OMP,2.000598874
4096,1,SYMMETRY,OMP,0.398588218
4096,1,TRANSPOSITION,OMP,2.009796649
4096,1,SYMMETRY,OMP,0.397883575
4096,1,TRANSPOSITION,OMP,1.998452749
4096,1,SYMMETRY,OMP,0.398588438
4096,1,TRANSPOSITION,OMP,1.991460260
4096,1,SYMMETRY,OMP,0.398045808
4096,1,TRANSPOSITION,OMP,2.009680618
4096,1,SYMMETRY,OMP,0.398618672
4096,1,TRANSPOSITION,OMP,1.997344468
4096,1,SYMMETRY,OMP,0.398828715
4096,1,TRANSPOSITION,OMP,1.975219004
4096,1,SYMMETRY,OMP,0.398339331
4096,1,TRANSPOSITION,OMP,2.006129242
4096,1,SYMMETRY,OMP,0.397688691
4096,1,TRANSPOSITION,OMP,2.016089309
4096,1,SYMMETRY,OMP,0.397379003
4096,1,TRANSPOSITION,OMP,1.995466642
4096,1,SYMMETRY,OMP,0.397801120
4096,1,TRANSPOSITION,OMP,2.033016693
4096,1,SYMMETRY,OMP,0.398374088
4096,1,TRANSPOSITION,OMP,1.954843968
4096,1,SYMMETRY,OMP,0.398430303
4096,1,TRANSPOSITION,OMP,1.984457277
4096,1,TRANSPOSITION,OMP,2.058752928
4096,1,TRANSPOSITION,OMP,2.005894259
4096,1,TRANSPOSITION,OMP,2.031480499
4096,1,TRANSPOSITION,OMP,2.030500118
4096,1,TRANSPOSITION,OMP,1.974057693
4096,1,TRANSPOSITION,OMP,1.996068258
4096,1,TRANSPOSITION,OMP,1.999751367
4096,1,TRANSPOSITION,OMP,2.018488031
4096,1,TRANSPOSITION,OMP,1.989241496
4096,1,TRANSPOSITION,OMP,2.017135765
4096,1,TRANSPOSITION,OMP,2.010810893
4096,1,TRANSPOSITION,OMP,2.008843444
4096,1,TRANSPOSITION,OMP,2.008237984
4096,1,TRANSPOSITION,OMP,2.037179630
4096,1,TRANSPOSITION,OMP,2.026477240
