Matrix Size,CPUs,Function,Implementation,MPI Implementation,Execution Time, Execution Time (no msg)
16,8,SYMMETRY,MPI,REDUCE,0.001000643,0.000000238
16,8,TRANSPOSITION,MPI,SCATTER,0.000061274,0.000000238
16,8,SYMMETRY,MPI,REDUCE,0.000017881,0.000000715
16,8,TRANSPOSITION,MPI,SCATTER,0.000013590,0.000000000
16,8,SYMMETRY,MPI,REDUCE,0.000013113,0.000000477
16,8,TRANSPOSITION,MPI,SCATTER,0.000179291,0.000000238
16,8,SYMMETRY,MPI,REDUCE,0.000017643,0.000000238
16,8,TRANSPOSITION,MPI,SCATTER,0.000009775,0.000000238
16,8,SYMMETRY,MPI,REDUCE,0.000011921,0.000000715
16,8,TRANSPOSITION,MPI,SCATTER,0.000010014,0.000000000
16,8,TRANSPOSITION,MPI,SCATTER,0.000009537,0.000000238
16,8,TRANSPOSITION,MPI,BROADCAST,0.000007629,0.000000954
16,8,TRANSPOSITION,MPI,SCATTER,0.000009298,0.000000238
16,8,TRANSPOSITION,MPI,BROADCAST,0.000007153,0.000000477
16,8,TRANSPOSITION,MPI,SCATTER,0.000011683,0.000000238
16,8,TRANSPOSITION,MPI,BROADCAST,0.000007868,0.000000715
16,8,TRANSPOSITION,MPI,SCATTER,0.000009537,0.000000238
16,8,TRANSPOSITION,MPI,BROADCAST,0.000007391,0.000000477
16,8,TRANSPOSITION,MPI,SCATTER,0.000010014,0.000000000
16,8,TRANSPOSITION,MPI,BROADCAST,0.000010252,0.000000715
32,8,SYMMETRY,MPI,REDUCE,0.000029087,0.000000477
32,8,TRANSPOSITION,MPI,SCATTER,0.000022888,0.000000238
32,8,SYMMETRY,MPI,REDUCE,0.000017166,0.000000477
32,8,TRANSPOSITION,MPI,SCATTER,0.000011444,0.000000477
32,8,SYMMETRY,MPI,REDUCE,0.000016451,0.000000477
32,8,TRANSPOSITION,MPI,SCATTER,0.000010729,0.000000477
32,8,SYMMETRY,MPI,REDUCE,0.000024319,0.000000954
32,8,TRANSPOSITION,MPI,SCATTER,0.000011683,0.000000238
32,8,SYMMETRY,MPI,REDUCE,0.000017166,0.000000477
32,8,TRANSPOSITION,MPI,SCATTER,0.000011444,0.000000477
32,8,TRANSPOSITION,MPI,SCATTER,0.000010967,0.000000477
32,8,TRANSPOSITION,MPI,BROADCAST,0.000015497,0.000000954
32,8,TRANSPOSITION,MPI,SCATTER,0.000011683,0.000000477
32,8,TRANSPOSITION,MPI,BROADCAST,0.000014782,0.000000477
32,8,TRANSPOSITION,MPI,SCATTER,0.000011683,0.000000477
32,8,TRANSPOSITION,MPI,BROADCAST,0.000012875,0.000000715
32,8,TRANSPOSITION,MPI,SCATTER,0.000010967,0.000000477
32,8,TRANSPOSITION,MPI,BROADCAST,0.000013828,0.000000715
32,8,TRANSPOSITION,MPI,SCATTER,0.000011444,0.000000477
32,8,TRANSPOSITION,MPI,BROADCAST,0.000012636,0.000000477
64,8,SYMMETRY,MPI,REDUCE,0.000069141,0.000001669
64,8,TRANSPOSITION,MPI,SCATTER,0.000051022,0.000001192
64,8,SYMMETRY,MPI,REDUCE,0.000030279,0.000001669
64,8,TRANSPOSITION,MPI,SCATTER,0.000022411,0.000001192
64,8,SYMMETRY,MPI,REDUCE,0.000039101,0.000001669
64,8,TRANSPOSITION,MPI,SCATTER,0.000020742,0.000001192
64,8,SYMMETRY,MPI,REDUCE,0.000028849,0.000001669
64,8,TRANSPOSITION,MPI,SCATTER,0.000020504,0.000001431
64,8,SYMMETRY,MPI,REDUCE,0.000037670,0.000001669
64,8,TRANSPOSITION,MPI,SCATTER,0.000020266,0.000001192
64,8,TRANSPOSITION,MPI,SCATTER,0.000019550,0.000001192
64,8,TRANSPOSITION,MPI,BROADCAST,0.000038385,0.000002146
64,8,TRANSPOSITION,MPI,SCATTER,0.000020027,0.000001192
64,8,TRANSPOSITION,MPI,BROADCAST,0.000037670,0.000001907
64,8,TRANSPOSITION,MPI,SCATTER,0.000020266,0.000001431
64,8,TRANSPOSITION,MPI,BROADCAST,0.000035763,0.000001907
64,8,TRANSPOSITION,MPI,SCATTER,0.000020266,0.000001192
64,8,TRANSPOSITION,MPI,BROADCAST,0.000036955,0.000001669
64,8,TRANSPOSITION,MPI,SCATTER,0.000019312,0.000001192
64,8,TRANSPOSITION,MPI,BROADCAST,0.000035524,0.000001907
128,8,SYMMETRY,MPI,REDUCE,0.000347137,0.000005960
128,8,TRANSPOSITION,MPI,SCATTER,0.000112295,0.000004768
128,8,SYMMETRY,MPI,REDUCE,0.000108719,0.000005960
128,8,TRANSPOSITION,MPI,SCATTER,0.000048161,0.000004530
128,8,SYMMETRY,MPI,REDUCE,0.000070572,0.000005722
128,8,TRANSPOSITION,MPI,SCATTER,0.000047207,0.000004530
128,8,SYMMETRY,MPI,REDUCE,0.000071526,0.000005960
128,8,TRANSPOSITION,MPI,SCATTER,0.000045061,0.000004530
128,8,SYMMETRY,MPI,REDUCE,0.000074625,0.000006199
128,8,TRANSPOSITION,MPI,SCATTER,0.000046015,0.000004768
128,8,TRANSPOSITION,MPI,SCATTER,0.000051022,0.000004530
128,8,TRANSPOSITION,MPI,BROADCAST,0.000095129,0.000006199
128,8,TRANSPOSITION,MPI,SCATTER,0.000049114,0.000004530
128,8,TRANSPOSITION,MPI,BROADCAST,0.000091791,0.000006199
128,8,TRANSPOSITION,MPI,SCATTER,0.000051737,0.000004530
128,8,TRANSPOSITION,MPI,BROADCAST,0.000092506,0.000005960
128,8,TRANSPOSITION,MPI,SCATTER,0.000048637,0.000004768
128,8,TRANSPOSITION,MPI,BROADCAST,0.000089884,0.000005960
128,8,TRANSPOSITION,MPI,SCATTER,0.000047922,0.000004768
128,8,TRANSPOSITION,MPI,BROADCAST,0.000088453,0.000005960
256,8,SYMMETRY,MPI,REDUCE,0.000701427,0.000022650
256,8,TRANSPOSITION,MPI,SCATTER,0.000269890,0.000019073
256,8,SYMMETRY,MPI,REDUCE,0.000295877,0.000022411
256,8,TRANSPOSITION,MPI,SCATTER,0.000164986,0.000017881
256,8,SYMMETRY,MPI,REDUCE,0.000198841,0.000022650
256,8,TRANSPOSITION,MPI,SCATTER,0.000161409,0.000017881
256,8,SYMMETRY,MPI,REDUCE,0.000187635,0.000022650
256,8,TRANSPOSITION,MPI,SCATTER,0.000158787,0.000017881
256,8,SYMMETRY,MPI,REDUCE,0.000188589,0.000022411
256,8,TRANSPOSITION,MPI,SCATTER,0.000174046,0.000024557
256,8,TRANSPOSITION,MPI,SCATTER,0.000153065,0.000017881
256,8,TRANSPOSITION,MPI,BROADCAST,0.000329971,0.000023842
256,8,TRANSPOSITION,MPI,SCATTER,0.000147581,0.000017881
256,8,TRANSPOSITION,MPI,BROADCAST,0.000301838,0.000023127
256,8,TRANSPOSITION,MPI,SCATTER,0.000145197,0.000017881
256,8,TRANSPOSITION,MPI,BROADCAST,0.000295162,0.000023127
256,8,TRANSPOSITION,MPI,SCATTER,0.000145197,0.000017881
256,8,TRANSPOSITION,MPI,BROADCAST,0.000290394,0.000023127
256,8,TRANSPOSITION,MPI,SCATTER,0.000149012,0.000018120
256,8,TRANSPOSITION,MPI,BROADCAST,0.000291109,0.000023127
512,8,SYMMETRY,MPI,REDUCE,0.001516581,0.000131369
512,8,TRANSPOSITION,MPI,SCATTER,0.001115561,0.000254869
512,8,SYMMETRY,MPI,REDUCE,0.001087904,0.000130892
512,8,TRANSPOSITION,MPI,SCATTER,0.000744581,0.000206470
512,8,SYMMETRY,MPI,REDUCE,0.000765085,0.000129938
512,8,TRANSPOSITION,MPI,SCATTER,0.000745296,0.000205755
512,8,SYMMETRY,MPI,REDUCE,0.000757456,0.000129700
512,8,TRANSPOSITION,MPI,SCATTER,0.000711918,0.000210047
512,8,SYMMETRY,MPI,REDUCE,0.000754118,0.000129938
512,8,TRANSPOSITION,MPI,SCATTER,0.000703335,0.000211000
512,8,TRANSPOSITION,MPI,SCATTER,0.000695944,0.000205755
512,8,TRANSPOSITION,MPI,BROADCAST,0.001222134,0.000142336
512,8,TRANSPOSITION,MPI,SCATTER,0.000702620,0.000211716
512,8,TRANSPOSITION,MPI,BROADCAST,0.001063824,0.000141382
512,8,TRANSPOSITION,MPI,SCATTER,0.000666857,0.000203848
512,8,TRANSPOSITION,MPI,BROADCAST,0.001027107,0.000143051
512,8,TRANSPOSITION,MPI,SCATTER,0.000689268,0.000206470
512,8,TRANSPOSITION,MPI,BROADCAST,0.001024723,0.000147820
512,8,TRANSPOSITION,MPI,SCATTER,0.000689745,0.000205278
512,8,TRANSPOSITION,MPI,BROADCAST,0.001036644,0.000146151
1024,8,SYMMETRY,MPI,REDUCE,0.006099463,0.000685215
1024,8,TRANSPOSITION,MPI,SCATTER,0.003477812,0.001258850
1024,8,SYMMETRY,MPI,REDUCE,0.004122972,0.000682116
1024,8,TRANSPOSITION,MPI,SCATTER,0.002960205,0.001100779
1024,8,SYMMETRY,MPI,REDUCE,0.002866268,0.000681877
1024,8,TRANSPOSITION,MPI,SCATTER,0.002926588,0.001102209
1024,8,SYMMETRY,MPI,REDUCE,0.002733707,0.000682354
1024,8,TRANSPOSITION,MPI,SCATTER,0.002951384,0.001096249
1024,8,SYMMETRY,MPI,REDUCE,0.003067493,0.000684261
1024,8,TRANSPOSITION,MPI,SCATTER,0.002907038,0.001097202
1024,8,TRANSPOSITION,MPI,SCATTER,0.002961159,0.001096725
1024,8,TRANSPOSITION,MPI,BROADCAST,0.004620314,0.000685453
1024,8,TRANSPOSITION,MPI,SCATTER,0.002953291,0.001115799
1024,8,TRANSPOSITION,MPI,BROADCAST,0.004169941,0.000681400
1024,8,TRANSPOSITION,MPI,SCATTER,0.002983332,0.001101971
1024,8,TRANSPOSITION,MPI,BROADCAST,0.004109144,0.000689268
1024,8,TRANSPOSITION,MPI,SCATTER,0.002978802,0.001115799
1024,8,TRANSPOSITION,MPI,BROADCAST,0.004093885,0.000687838
1024,8,TRANSPOSITION,MPI,SCATTER,0.002975702,0.001114368
1024,8,TRANSPOSITION,MPI,BROADCAST,0.004127979,0.000689507
2048,8,SYMMETRY,MPI,REDUCE,0.028556108,0.003803015
2048,8,TRANSPOSITION,MPI,SCATTER,0.017149210,0.007040977
2048,8,SYMMETRY,MPI,REDUCE,0.022997856,0.004014969
2048,8,TRANSPOSITION,MPI,SCATTER,0.015806675,0.007682800
2048,8,SYMMETRY,MPI,REDUCE,0.013192654,0.003757715
2048,8,TRANSPOSITION,MPI,SCATTER,0.015681028,0.007742643
2048,8,SYMMETRY,MPI,REDUCE,0.020902157,0.003818035
2048,8,TRANSPOSITION,MPI,SCATTER,0.016448975,0.008141756
2048,8,SYMMETRY,MPI,REDUCE,0.013162374,0.003946066
2048,8,TRANSPOSITION,MPI,SCATTER,0.017441988,0.007847786
2048,8,TRANSPOSITION,MPI,SCATTER,0.015836477,0.007306099
2048,8,TRANSPOSITION,MPI,BROADCAST,0.022051096,0.003895283
2048,8,TRANSPOSITION,MPI,SCATTER,0.017601013,0.007711172
2048,8,TRANSPOSITION,MPI,BROADCAST,0.018485546,0.004234552
2048,8,TRANSPOSITION,MPI,SCATTER,0.015630722,0.007796526
2048,8,TRANSPOSITION,MPI,BROADCAST,0.018839121,0.003794193
2048,8,TRANSPOSITION,MPI,SCATTER,0.017013311,0.007853031
2048,8,TRANSPOSITION,MPI,BROADCAST,0.023731709,0.003844023
2048,8,TRANSPOSITION,MPI,SCATTER,0.015877247,0.007786036
2048,8,TRANSPOSITION,MPI,BROADCAST,0.018243074,0.003877878
4096,8,SYMMETRY,MPI,REDUCE,0.137409449,0.042014122
4096,8,TRANSPOSITION,MPI,SCATTER,0.094059467,0.037549973
4096,8,SYMMETRY,MPI,REDUCE,0.141571522,0.046841383
4096,8,TRANSPOSITION,MPI,SCATTER,0.092975855,0.050421238
4096,8,SYMMETRY,MPI,REDUCE,0.140544415,0.046205521
4096,8,TRANSPOSITION,MPI,SCATTER,0.086418390,0.042315245
4096,8,SYMMETRY,MPI,REDUCE,0.145525217,0.047283411
4096,8,TRANSPOSITION,MPI,SCATTER,0.087569952,0.038499832
4096,8,SYMMETRY,MPI,REDUCE,0.136511803,0.041052341
4096,8,TRANSPOSITION,MPI,SCATTER,0.085219383,0.042161226
4096,8,TRANSPOSITION,MPI,SCATTER,0.075820446,0.038911343
4096,8,TRANSPOSITION,MPI,BROADCAST,0.187899590,0.024270773
4096,8,TRANSPOSITION,MPI,SCATTER,0.100087643,0.038531065
4096,8,TRANSPOSITION,MPI,BROADCAST,0.190177441,0.022630453
4096,8,TRANSPOSITION,MPI,SCATTER,0.109171867,0.046841621
4096,8,TRANSPOSITION,MPI,BROADCAST,0.183512449,0.024821043
4096,8,TRANSPOSITION,MPI,SCATTER,0.102750778,0.039484501
4096,8,TRANSPOSITION,MPI,BROADCAST,0.187512159,0.022269249
4096,8,TRANSPOSITION,MPI,SCATTER,0.108991385,0.041246653
4096,8,TRANSPOSITION,MPI,BROADCAST,0.192051649,0.025206089
16,8,SYMMETRY,MPI,REDUCE,0.000045538,0.000000715
16,8,TRANSPOSITION,MPI,SCATTER,0.000019312,0.000000238
16,8,SYMMETRY,MPI,REDUCE,0.000019789,0.000000715
16,8,TRANSPOSITION,MPI,SCATTER,0.000018120,0.000000238
16,8,SYMMETRY,MPI,REDUCE,0.000017166,0.000000954
16,8,TRANSPOSITION,MPI,SCATTER,0.000008345,0.000000238
16,8,SYMMETRY,MPI,REDUCE,0.000010967,0.000000715
16,8,TRANSPOSITION,MPI,SCATTER,0.000009060,0.000000000
16,8,SYMMETRY,MPI,REDUCE,0.000010729,0.000000715
16,8,TRANSPOSITION,MPI,SCATTER,0.000008345,0.000000238
16,8,TRANSPOSITION,MPI,SCATTER,0.000008345,0.000000000
16,8,TRANSPOSITION,MPI,BROADCAST,0.000010967,0.000000715
16,8,TRANSPOSITION,MPI,SCATTER,0.000007629,0.000000000
16,8,TRANSPOSITION,MPI,BROADCAST,0.000006437,0.000000715
16,8,TRANSPOSITION,MPI,SCATTER,0.000008345,0.000000238
16,8,TRANSPOSITION,MPI,BROADCAST,0.000006914,0.000000715
16,8,TRANSPOSITION,MPI,SCATTER,0.000007629,0.000000238
16,8,TRANSPOSITION,MPI,BROADCAST,0.000013351,0.000000238
16,8,TRANSPOSITION,MPI,SCATTER,0.000008821,0.000000238
16,8,TRANSPOSITION,MPI,BROADCAST,0.000007153,0.000000715
32,8,SYMMETRY,MPI,REDUCE,0.000015020,0.000000954
32,8,TRANSPOSITION,MPI,SCATTER,0.000010014,0.000000238
32,8,SYMMETRY,MPI,REDUCE,0.000014782,0.000000477
32,8,TRANSPOSITION,MPI,SCATTER,0.000010490,0.000000477
32,8,SYMMETRY,MPI,REDUCE,0.000014067,0.000000477
32,8,TRANSPOSITION,MPI,SCATTER,0.000011206,0.000000477
32,8,SYMMETRY,MPI,REDUCE,0.000014544,0.000000954
32,8,TRANSPOSITION,MPI,SCATTER,0.000011683,0.000000477
32,8,SYMMETRY,MPI,REDUCE,0.000015974,0.000000477
32,8,TRANSPOSITION,MPI,SCATTER,0.000011444,0.000000477
32,8,TRANSPOSITION,MPI,SCATTER,0.000010729,0.000000238
32,8,TRANSPOSITION,MPI,BROADCAST,0.000011444,0.000000954
32,8,TRANSPOSITION,MPI,SCATTER,0.000023603,0.000000477
32,8,TRANSPOSITION,MPI,BROADCAST,0.000011206,0.000001192
32,8,TRANSPOSITION,MPI,SCATTER,0.000010252,0.000000238
32,8,TRANSPOSITION,MPI,BROADCAST,0.000010967,0.000000954
32,8,TRANSPOSITION,MPI,SCATTER,0.000010490,0.000000238
32,8,TRANSPOSITION,MPI,BROADCAST,0.000011206,0.000001192
32,8,TRANSPOSITION,MPI,SCATTER,0.000010252,0.000000477
32,8,TRANSPOSITION,MPI,BROADCAST,0.000011444,0.000001192
64,8,SYMMETRY,MPI,REDUCE,0.000042915,0.000001669
64,8,TRANSPOSITION,MPI,SCATTER,0.000028133,0.000001431
64,8,SYMMETRY,MPI,REDUCE,0.000026941,0.000001669
64,8,TRANSPOSITION,MPI,SCATTER,0.000020504,0.000001192
64,8,SYMMETRY,MPI,REDUCE,0.000026941,0.000001907
64,8,TRANSPOSITION,MPI,SCATTER,0.000018835,0.000001192
64,8,SYMMETRY,MPI,REDUCE,0.000025749,0.000001669
64,8,TRANSPOSITION,MPI,SCATTER,0.000019550,0.000001192
64,8,SYMMETRY,MPI,REDUCE,0.000026703,0.000001669
64,8,TRANSPOSITION,MPI,SCATTER,0.000018597,0.000001192
64,8,TRANSPOSITION,MPI,SCATTER,0.000018358,0.000001192
64,8,TRANSPOSITION,MPI,BROADCAST,0.000038624,0.000002146
64,8,TRANSPOSITION,MPI,SCATTER,0.000024557,0.000001192
64,8,TRANSPOSITION,MPI,BROADCAST,0.000029802,0.000001907
64,8,TRANSPOSITION,MPI,SCATTER,0.000019789,0.000001192
64,8,TRANSPOSITION,MPI,BROADCAST,0.000034094,0.000001669
64,8,TRANSPOSITION,MPI,SCATTER,0.000018835,0.000001431
64,8,TRANSPOSITION,MPI,BROADCAST,0.000032187,0.000001907
64,8,TRANSPOSITION,MPI,SCATTER,0.000022650,0.000001431
64,8,TRANSPOSITION,MPI,BROADCAST,0.000030518,0.000001669
128,8,SYMMETRY,MPI,REDUCE,0.000123024,0.000005960
128,8,TRANSPOSITION,MPI,SCATTER,0.000050783,0.000005007
128,8,SYMMETRY,MPI,REDUCE,0.000063658,0.000005960
128,8,TRANSPOSITION,MPI,SCATTER,0.000043631,0.000004768
128,8,SYMMETRY,MPI,REDUCE,0.000061989,0.000005960
128,8,TRANSPOSITION,MPI,SCATTER,0.000043631,0.000004530
128,8,SYMMETRY,MPI,REDUCE,0.000062704,0.000005960
128,8,TRANSPOSITION,MPI,SCATTER,0.000048637,0.000010014
128,8,SYMMETRY,MPI,REDUCE,0.000061989,0.000005960
128,8,TRANSPOSITION,MPI,SCATTER,0.000041246,0.000004768
128,8,TRANSPOSITION,MPI,SCATTER,0.000042915,0.000004530
128,8,TRANSPOSITION,MPI,BROADCAST,0.000086308,0.000005960
128,8,TRANSPOSITION,MPI,SCATTER,0.000041723,0.000004530
128,8,TRANSPOSITION,MPI,BROADCAST,0.000075579,0.000006199
128,8,TRANSPOSITION,MPI,SCATTER,0.000042439,0.000004530
128,8,TRANSPOSITION,MPI,BROADCAST,0.000077248,0.000006199
128,8,TRANSPOSITION,MPI,SCATTER,0.000048161,0.000004768
128,8,TRANSPOSITION,MPI,BROADCAST,0.000081301,0.000006199
128,8,TRANSPOSITION,MPI,SCATTER,0.000043631,0.000004530
128,8,TRANSPOSITION,MPI,BROADCAST,0.000084877,0.000006199
256,8,SYMMETRY,MPI,REDUCE,0.000215530,0.000022650
256,8,TRANSPOSITION,MPI,SCATTER,0.000156641,0.000021935
256,8,SYMMETRY,MPI,REDUCE,0.000212908,0.000022650
256,8,TRANSPOSITION,MPI,SCATTER,0.000153780,0.000018835
256,8,SYMMETRY,MPI,REDUCE,0.000194073,0.000022650
256,8,TRANSPOSITION,MPI,SCATTER,0.000156403,0.000018358
256,8,SYMMETRY,MPI,REDUCE,0.000191212,0.000022650
256,8,TRANSPOSITION,MPI,SCATTER,0.000150919,0.000018358
256,8,SYMMETRY,MPI,REDUCE,0.000199080,0.000022650
256,8,TRANSPOSITION,MPI,SCATTER,0.000149012,0.000018358
256,8,TRANSPOSITION,MPI,SCATTER,0.000136852,0.000018358
256,8,TRANSPOSITION,MPI,BROADCAST,0.000287294,0.000023127
256,8,TRANSPOSITION,MPI,SCATTER,0.000139952,0.000018597
256,8,TRANSPOSITION,MPI,BROADCAST,0.000279903,0.000023127
256,8,TRANSPOSITION,MPI,SCATTER,0.000140667,0.000018120
256,8,TRANSPOSITION,MPI,BROADCAST,0.000288486,0.000022888
256,8,TRANSPOSITION,MPI,SCATTER,0.000139952,0.000018358
256,8,TRANSPOSITION,MPI,BROADCAST,0.000291824,0.000022888
256,8,TRANSPOSITION,MPI,SCATTER,0.000143290,0.000018358
256,8,TRANSPOSITION,MPI,BROADCAST,0.000290155,0.000022888
512,8,SYMMETRY,MPI,REDUCE,0.000772953,0.000138044
512,8,TRANSPOSITION,MPI,SCATTER,0.000726700,0.000223875
512,8,SYMMETRY,MPI,REDUCE,0.000814915,0.000143528
512,8,TRANSPOSITION,MPI,SCATTER,0.000705481,0.000210762
512,8,SYMMETRY,MPI,REDUCE,0.000768185,0.000138760
512,8,TRANSPOSITION,MPI,SCATTER,0.000708342,0.000210047
512,8,SYMMETRY,MPI,REDUCE,0.000778913,0.000137091
512,8,TRANSPOSITION,MPI,SCATTER,0.000743628,0.000207424
512,8,SYMMETRY,MPI,REDUCE,0.000810146,0.000137329
512,8,TRANSPOSITION,MPI,SCATTER,0.000726938,0.000211000
512,8,TRANSPOSITION,MPI,SCATTER,0.000741243,0.000205755
512,8,TRANSPOSITION,MPI,BROADCAST,0.001084089,0.000145435
512,8,TRANSPOSITION,MPI,SCATTER,0.000732422,0.000205755
512,8,TRANSPOSITION,MPI,BROADCAST,0.001097202,0.000145912
512,8,TRANSPOSITION,MPI,SCATTER,0.000731468,0.000205040
512,8,TRANSPOSITION,MPI,BROADCAST,0.001067400,0.000146389
512,8,TRANSPOSITION,MPI,SCATTER,0.000730276,0.000205278
512,8,TRANSPOSITION,MPI,BROADCAST,0.001070261,0.000145674
512,8,TRANSPOSITION,MPI,SCATTER,0.000718355,0.000210285
512,8,TRANSPOSITION,MPI,BROADCAST,0.001095057,0.000145435
1024,8,SYMMETRY,MPI,REDUCE,0.003384829,0.000721693
1024,8,TRANSPOSITION,MPI,SCATTER,0.002999306,0.001211882
1024,8,SYMMETRY,MPI,REDUCE,0.002937078,0.000682831
1024,8,TRANSPOSITION,MPI,SCATTER,0.002908945,0.001106501
1024,8,SYMMETRY,MPI,REDUCE,0.002799273,0.000685453
1024,8,TRANSPOSITION,MPI,SCATTER,0.002914190,0.001106262
1024,8,SYMMETRY,MPI,REDUCE,0.002743244,0.000684261
1024,8,TRANSPOSITION,MPI,SCATTER,0.002912283,0.001120806
1024,8,SYMMETRY,MPI,REDUCE,0.002862692,0.000683784
1024,8,TRANSPOSITION,MPI,SCATTER,0.002957582,0.001117468
1024,8,TRANSPOSITION,MPI,SCATTER,0.002933264,0.001114368
1024,8,TRANSPOSITION,MPI,BROADCAST,0.004043818,0.000689030
1024,8,TRANSPOSITION,MPI,SCATTER,0.002860069,0.001103640
1024,8,TRANSPOSITION,MPI,BROADCAST,0.003928185,0.000681400
1024,8,TRANSPOSITION,MPI,SCATTER,0.002887011,0.001128435
1024,8,TRANSPOSITION,MPI,BROADCAST,0.004022837,0.000687361
1024,8,TRANSPOSITION,MPI,SCATTER,0.002893209,0.001105070
1024,8,TRANSPOSITION,MPI,BROADCAST,0.004004717,0.000688076
1024,8,TRANSPOSITION,MPI,SCATTER,0.002870798,0.001106501
1024,8,TRANSPOSITION,MPI,BROADCAST,0.003882647,0.000684977
2048,8,SYMMETRY,MPI,REDUCE,0.014545202,0.003723621
2048,8,TRANSPOSITION,MPI,SCATTER,0.016901970,0.007099390
2048,8,SYMMETRY,MPI,REDUCE,0.013094902,0.003640890
2048,8,TRANSPOSITION,MPI,SCATTER,0.017024279,0.007351875
2048,8,SYMMETRY,MPI,REDUCE,0.012916327,0.003864050
2048,8,TRANSPOSITION,MPI,SCATTER,0.017154932,0.007303476
2048,8,SYMMETRY,MPI,REDUCE,0.012652397,0.003670692
2048,8,TRANSPOSITION,MPI,SCATTER,0.017019510,0.007267952
2048,8,SYMMETRY,MPI,REDUCE,0.012892723,0.003770828
2048,8,TRANSPOSITION,MPI,SCATTER,0.015843630,0.007380009
2048,8,TRANSPOSITION,MPI,SCATTER,0.015533209,0.007169962
2048,8,TRANSPOSITION,MPI,BROADCAST,0.018085480,0.003843069
2048,8,TRANSPOSITION,MPI,SCATTER,0.016367435,0.007912397
2048,8,TRANSPOSITION,MPI,BROADCAST,0.018346310,0.003922462
2048,8,TRANSPOSITION,MPI,SCATTER,0.017859221,0.007489681
2048,8,TRANSPOSITION,MPI,BROADCAST,0.017614603,0.003864527
2048,8,TRANSPOSITION,MPI,SCATTER,0.015816212,0.007759094
2048,8,TRANSPOSITION,MPI,BROADCAST,0.017769098,0.003812551
2048,8,TRANSPOSITION,MPI,SCATTER,0.015439272,0.007501125
2048,8,TRANSPOSITION,MPI,BROADCAST,0.019601107,0.004304171
4096,8,SYMMETRY,MPI,REDUCE,0.138322830,0.042260170
4096,8,TRANSPOSITION,MPI,SCATTER,0.088968992,0.037464619
4096,8,SYMMETRY,MPI,REDUCE,0.134295702,0.041478157
4096,8,TRANSPOSITION,MPI,SCATTER,0.085923910,0.039623022
4096,8,SYMMETRY,MPI,REDUCE,0.132949591,0.040891409
4096,8,TRANSPOSITION,MPI,SCATTER,0.085913897,0.040487766
4096,8,SYMMETRY,MPI,REDUCE,0.134214163,0.041517258
4096,8,TRANSPOSITION,MPI,SCATTER,0.083015680,0.040962458
4096,8,SYMMETRY,MPI,REDUCE,0.134495974,0.043536425
4096,8,TRANSPOSITION,MPI,SCATTER,0.085938215,0.045116186
4096,8,TRANSPOSITION,MPI,SCATTER,0.080605030,0.040966749
4096,8,TRANSPOSITION,MPI,BROADCAST,0.188367844,0.022872925
4096,8,TRANSPOSITION,MPI,SCATTER,0.100369215,0.039242744
4096,8,TRANSPOSITION,MPI,BROADCAST,0.186399698,0.022259474
4096,8,TRANSPOSITION,MPI,SCATTER,0.097951412,0.039605618
4096,8,TRANSPOSITION,MPI,BROADCAST,0.191886425,0.022291422
4096,8,TRANSPOSITION,MPI,SCATTER,0.102737188,0.045972347
4096,8,TRANSPOSITION,MPI,BROADCAST,0.191459417,0.022540331
4096,8,TRANSPOSITION,MPI,SCATTER,0.103699446,0.041987896
4096,8,TRANSPOSITION,MPI,BROADCAST,0.186834097,0.027067423
16,8,SYMMETRY,MPI,REDUCE,0.000042915,0.000000954
16,8,TRANSPOSITION,MPI,SCATTER,0.000021935,0.000000238
16,8,SYMMETRY,MPI,REDUCE,0.000011683,0.000000477
16,8,TRANSPOSITION,MPI,SCATTER,0.000018358,0.000000000
16,8,SYMMETRY,MPI,REDUCE,0.000011683,0.000000238
16,8,TRANSPOSITION,MPI,SCATTER,0.000009775,0.000000000
16,8,SYMMETRY,MPI,REDUCE,0.000012159,0.000000238
16,8,TRANSPOSITION,MPI,SCATTER,0.000009537,0.000000238
16,8,SYMMETRY,MPI,REDUCE,0.000010729,0.000000238
16,8,TRANSPOSITION,MPI,SCATTER,0.000009060,0.000000238
16,8,TRANSPOSITION,MPI,SCATTER,0.000009298,0.000000000
16,8,TRANSPOSITION,MPI,BROADCAST,0.000006437,0.000000477
16,8,TRANSPOSITION,MPI,SCATTER,0.000008106,0.000000238
16,8,TRANSPOSITION,MPI,BROADCAST,0.000006914,0.000000238
16,8,TRANSPOSITION,MPI,SCATTER,0.000009537,0.000000000
16,8,TRANSPOSITION,MPI,BROADCAST,0.000005960,0.000000954
16,8,TRANSPOSITION,MPI,SCATTER,0.000008821,0.000000000
16,8,TRANSPOSITION,MPI,BROADCAST,0.000006914,0.000000238
16,8,TRANSPOSITION,MPI,SCATTER,0.000008821,0.000000238
16,8,TRANSPOSITION,MPI,BROADCAST,0.000006914,0.000000477
32,8,SYMMETRY,MPI,REDUCE,0.000025272,0.000000954
32,8,TRANSPOSITION,MPI,SCATTER,0.000012636,0.000000477
32,8,SYMMETRY,MPI,REDUCE,0.000015020,0.000000954
32,8,TRANSPOSITION,MPI,SCATTER,0.000010490,0.000000477
32,8,SYMMETRY,MPI,REDUCE,0.000015020,0.000000954
32,8,TRANSPOSITION,MPI,SCATTER,0.000010014,0.000000238
32,8,SYMMETRY,MPI,REDUCE,0.000015020,0.000000715
32,8,TRANSPOSITION,MPI,SCATTER,0.000011206,0.000000477
32,8,SYMMETRY,MPI,REDUCE,0.000014067,0.000000477
32,8,TRANSPOSITION,MPI,SCATTER,0.000009537,0.000000238
32,8,TRANSPOSITION,MPI,SCATTER,0.000011683,0.000000477
32,8,TRANSPOSITION,MPI,BROADCAST,0.000012636,0.000000715
32,8,TRANSPOSITION,MPI,SCATTER,0.000010014,0.000000477
32,8,TRANSPOSITION,MPI,BROADCAST,0.000011921,0.000000954
32,8,TRANSPOSITION,MPI,SCATTER,0.000010490,0.000000477
32,8,TRANSPOSITION,MPI,BROADCAST,0.000011921,0.000000715
32,8,TRANSPOSITION,MPI,SCATTER,0.000011206,0.000000477
32,8,TRANSPOSITION,MPI,BROADCAST,0.000011921,0.000000715
32,8,TRANSPOSITION,MPI,SCATTER,0.000010490,0.000000477
32,8,TRANSPOSITION,MPI,BROADCAST,0.000011683,0.000000715
64,8,SYMMETRY,MPI,REDUCE,0.000038862,0.000001669
64,8,TRANSPOSITION,MPI,SCATTER,0.000032902,0.000001431
64,8,SYMMETRY,MPI,REDUCE,0.000025749,0.000001907
64,8,TRANSPOSITION,MPI,SCATTER,0.000019312,0.000001192
64,8,SYMMETRY,MPI,REDUCE,0.000026941,0.000001669
64,8,TRANSPOSITION,MPI,SCATTER,0.000019312,0.000001431
64,8,SYMMETRY,MPI,REDUCE,0.000026226,0.000001669
64,8,TRANSPOSITION,MPI,SCATTER,0.000021935,0.000001192
64,8,SYMMETRY,MPI,REDUCE,0.000024319,0.000001907
64,8,TRANSPOSITION,MPI,SCATTER,0.000019789,0.000001192
64,8,TRANSPOSITION,MPI,SCATTER,0.000025272,0.000001192
64,8,TRANSPOSITION,MPI,BROADCAST,0.000031471,0.000002146
64,8,TRANSPOSITION,MPI,SCATTER,0.000019550,0.000001192
64,8,TRANSPOSITION,MPI,BROADCAST,0.000033617,0.000001907
64,8,TRANSPOSITION,MPI,SCATTER,0.000018120,0.000001192
64,8,TRANSPOSITION,MPI,BROADCAST,0.000031471,0.000001907
64,8,TRANSPOSITION,MPI,SCATTER,0.000018597,0.000001192
64,8,TRANSPOSITION,MPI,BROADCAST,0.000031948,0.000001907
64,8,TRANSPOSITION,MPI,SCATTER,0.000018597,0.000001192
64,8,TRANSPOSITION,MPI,BROADCAST,0.000035048,0.000001907
128,8,SYMMETRY,MPI,REDUCE,0.000081301,0.000006199
128,8,TRANSPOSITION,MPI,SCATTER,0.000048637,0.000005245
128,8,SYMMETRY,MPI,REDUCE,0.000066280,0.000006199
128,8,TRANSPOSITION,MPI,SCATTER,0.000042915,0.000005007
128,8,SYMMETRY,MPI,REDUCE,0.000063658,0.000005960
128,8,TRANSPOSITION,MPI,SCATTER,0.000042915,0.000004768
128,8,SYMMETRY,MPI,REDUCE,0.000069141,0.000010729
128,8,TRANSPOSITION,MPI,SCATTER,0.000043869,0.000004768
128,8,SYMMETRY,MPI,REDUCE,0.000063896,0.000005960
128,8,TRANSPOSITION,MPI,SCATTER,0.000043869,0.000004768
128,8,TRANSPOSITION,MPI,SCATTER,0.000046015,0.000004768
128,8,TRANSPOSITION,MPI,BROADCAST,0.000081301,0.000006437
128,8,TRANSPOSITION,MPI,SCATTER,0.000043869,0.000004768
128,8,TRANSPOSITION,MPI,BROADCAST,0.000079155,0.000006199
128,8,TRANSPOSITION,MPI,SCATTER,0.000046253,0.000004768
128,8,TRANSPOSITION,MPI,BROADCAST,0.000080824,0.000006199
128,8,TRANSPOSITION,MPI,SCATTER,0.000048161,0.000004768
128,8,TRANSPOSITION,MPI,BROADCAST,0.000087738,0.000006199
128,8,TRANSPOSITION,MPI,SCATTER,0.000046253,0.000005007
128,8,TRANSPOSITION,MPI,BROADCAST,0.000078440,0.000006199
256,8,SYMMETRY,MPI,REDUCE,0.000213623,0.000023365
256,8,TRANSPOSITION,MPI,SCATTER,0.000177622,0.000026703
256,8,SYMMETRY,MPI,REDUCE,0.000199556,0.000023365
256,8,TRANSPOSITION,MPI,SCATTER,0.000161409,0.000018358
256,8,SYMMETRY,MPI,REDUCE,0.000206232,0.000023365
256,8,TRANSPOSITION,MPI,SCATTER,0.000162601,0.000018358
256,8,SYMMETRY,MPI,REDUCE,0.000198841,0.000023365
256,8,TRANSPOSITION,MPI,SCATTER,0.000156641,0.000019073
256,8,SYMMETRY,MPI,REDUCE,0.000197411,0.000023365
256,8,TRANSPOSITION,MPI,SCATTER,0.000157833,0.000018597
256,8,TRANSPOSITION,MPI,SCATTER,0.000137806,0.000018358
256,8,TRANSPOSITION,MPI,BROADCAST,0.000294209,0.000024319
256,8,TRANSPOSITION,MPI,SCATTER,0.000138283,0.000018358
256,8,TRANSPOSITION,MPI,BROADCAST,0.000298977,0.000024080
256,8,TRANSPOSITION,MPI,SCATTER,0.000136614,0.000018358
256,8,TRANSPOSITION,MPI,BROADCAST,0.000294447,0.000024080
256,8,TRANSPOSITION,MPI,SCATTER,0.000136137,0.000018358
256,8,TRANSPOSITION,MPI,BROADCAST,0.000293970,0.000024080
256,8,TRANSPOSITION,MPI,SCATTER,0.000136137,0.000018358
256,8,TRANSPOSITION,MPI,BROADCAST,0.000288010,0.000024080
512,8,SYMMETRY,MPI,REDUCE,0.000801802,0.000142097
512,8,TRANSPOSITION,MPI,SCATTER,0.000796795,0.000273943
512,8,SYMMETRY,MPI,REDUCE,0.000713825,0.000147820
512,8,TRANSPOSITION,MPI,SCATTER,0.000692606,0.000208139
512,8,SYMMETRY,MPI,REDUCE,0.000687122,0.000140190
512,8,TRANSPOSITION,MPI,SCATTER,0.000692129,0.000204325
512,8,SYMMETRY,MPI,REDUCE,0.000709295,0.000140667
512,8,TRANSPOSITION,MPI,SCATTER,0.000683546,0.000204563
512,8,SYMMETRY,MPI,REDUCE,0.000731468,0.000140905
512,8,TRANSPOSITION,MPI,SCATTER,0.000764370,0.000236511
512,8,TRANSPOSITION,MPI,SCATTER,0.000686407,0.000205040
512,8,TRANSPOSITION,MPI,BROADCAST,0.001063108,0.000152111
512,8,TRANSPOSITION,MPI,SCATTER,0.000670910,0.000204325
512,8,TRANSPOSITION,MPI,BROADCAST,0.001031876,0.000151396
512,8,TRANSPOSITION,MPI,SCATTER,0.000663996,0.000204563
512,8,TRANSPOSITION,MPI,BROADCAST,0.001044273,0.000150681
512,8,TRANSPOSITION,MPI,SCATTER,0.000674248,0.000205040
512,8,TRANSPOSITION,MPI,BROADCAST,0.001016855,0.000150681
512,8,TRANSPOSITION,MPI,SCATTER,0.000678778,0.000204563
512,8,TRANSPOSITION,MPI,BROADCAST,0.001021147,0.000152349
1024,8,SYMMETRY,MPI,REDUCE,0.003138065,0.000719309
1024,8,TRANSPOSITION,MPI,SCATTER,0.003101587,0.001215458
1024,8,SYMMETRY,MPI,REDUCE,0.002926826,0.000711203
1024,8,TRANSPOSITION,MPI,SCATTER,0.002941608,0.001143217
1024,8,SYMMETRY,MPI,REDUCE,0.002899170,0.000708818
1024,8,TRANSPOSITION,MPI,SCATTER,0.002935648,0.001133680
1024,8,SYMMETRY,MPI,REDUCE,0.002770424,0.000711679
1024,8,TRANSPOSITION,MPI,SCATTER,0.002872467,0.001109362
1024,8,SYMMETRY,MPI,REDUCE,0.002915621,0.000710487
1024,8,TRANSPOSITION,MPI,SCATTER,0.002879620,0.001124382
1024,8,TRANSPOSITION,MPI,SCATTER,0.002930403,0.001133442
1024,8,TRANSPOSITION,MPI,BROADCAST,0.003982067,0.000716209
1024,8,TRANSPOSITION,MPI,SCATTER,0.002927065,0.001109362
1024,8,TRANSPOSITION,MPI,BROADCAST,0.003893137,0.000717878
1024,8,TRANSPOSITION,MPI,SCATTER,0.002930164,0.001109362
1024,8,TRANSPOSITION,MPI,BROADCAST,0.003842115,0.000716925
1024,8,TRANSPOSITION,MPI,SCATTER,0.002917290,0.001117945
1024,8,TRANSPOSITION,MPI,BROADCAST,0.003810167,0.000711679
1024,8,TRANSPOSITION,MPI,SCATTER,0.002942085,0.001110315
1024,8,TRANSPOSITION,MPI,BROADCAST,0.003860950,0.000715256
2048,8,SYMMETRY,MPI,REDUCE,0.014374256,0.004001617
2048,8,TRANSPOSITION,MPI,SCATTER,0.016099930,0.007083893
2048,8,SYMMETRY,MPI,REDUCE,0.013732910,0.004220247
2048,8,TRANSPOSITION,MPI,SCATTER,0.016237736,0.007327318
2048,8,SYMMETRY,MPI,REDUCE,0.013494253,0.003991604
2048,8,TRANSPOSITION,MPI,SCATTER,0.014938593,0.007290602
2048,8,SYMMETRY,MPI,REDUCE,0.013142586,0.003795624
2048,8,TRANSPOSITION,MPI,SCATTER,0.014929056,0.007313251
2048,8,SYMMETRY,MPI,REDUCE,0.013077497,0.003823280
2048,8,TRANSPOSITION,MPI,SCATTER,0.015294313,0.007323265
2048,8,TRANSPOSITION,MPI,SCATTER,0.015966654,0.007078648
2048,8,TRANSPOSITION,MPI,BROADCAST,0.018509865,0.003958941
2048,8,TRANSPOSITION,MPI,SCATTER,0.021656275,0.009359837
2048,8,TRANSPOSITION,MPI,BROADCAST,0.020176411,0.004796743
2048,8,TRANSPOSITION,MPI,SCATTER,0.016316175,0.008165359
2048,8,TRANSPOSITION,MPI,BROADCAST,0.018605232,0.003892183
2048,8,TRANSPOSITION,MPI,SCATTER,0.015873194,0.007491827
2048,8,TRANSPOSITION,MPI,BROADCAST,0.018257380,0.003884077
2048,8,TRANSPOSITION,MPI,SCATTER,0.016860723,0.007570505
2048,8,TRANSPOSITION,MPI,BROADCAST,0.018462658,0.003927231
4096,8,SYMMETRY,MPI,REDUCE,0.137159348,0.040933609
4096,8,TRANSPOSITION,MPI,SCATTER,0.088287592,0.038653612
4096,8,SYMMETRY,MPI,REDUCE,0.135916471,0.041658878
4096,8,TRANSPOSITION,MPI,SCATTER,0.086122990,0.041145563
4096,8,SYMMETRY,MPI,REDUCE,0.133519888,0.040280581
4096,8,TRANSPOSITION,MPI,SCATTER,0.086777925,0.039917946
4096,8,SYMMETRY,MPI,REDUCE,0.144903421,0.050679922
4096,8,TRANSPOSITION,MPI,SCATTER,0.088944912,0.045917511
4096,8,SYMMETRY,MPI,REDUCE,0.140925169,0.049931765
4096,8,TRANSPOSITION,MPI,SCATTER,0.086085558,0.044238806
4096,8,TRANSPOSITION,MPI,SCATTER,0.075478077,0.040918112
4096,8,TRANSPOSITION,MPI,BROADCAST,0.187036514,0.051838160
4096,8,TRANSPOSITION,MPI,SCATTER,0.099277258,0.041472912
4096,8,TRANSPOSITION,MPI,BROADCAST,0.185529947,0.047748089
4096,8,TRANSPOSITION,MPI,SCATTER,0.104116440,0.041446447
4096,8,TRANSPOSITION,MPI,BROADCAST,0.184226751,0.048902750
4096,8,TRANSPOSITION,MPI,SCATTER,0.100952387,0.040942669
4096,8,TRANSPOSITION,MPI,BROADCAST,0.187177420,0.052919865
4096,8,TRANSPOSITION,MPI,SCATTER,0.098263979,0.039592266
4096,8,TRANSPOSITION,MPI,BROADCAST,0.186931133,0.049440145
16,8,SYMMETRY,MPI,REDUCE,0.000034809,0.000000238
16,8,TRANSPOSITION,MPI,SCATTER,0.000027180,0.000000238
16,8,SYMMETRY,MPI,REDUCE,0.000012875,0.000000477
16,8,TRANSPOSITION,MPI,SCATTER,0.000010014,0.000000238
16,8,SYMMETRY,MPI,REDUCE,0.000011444,0.000000715
16,8,TRANSPOSITION,MPI,SCATTER,0.000009060,0.000000000
16,8,SYMMETRY,MPI,REDUCE,0.000016928,0.000000715
16,8,TRANSPOSITION,MPI,SCATTER,0.000008583,0.000000000
16,8,SYMMETRY,MPI,REDUCE,0.000011683,0.000001431
16,8,TRANSPOSITION,MPI,SCATTER,0.000008583,0.000000238
16,8,TRANSPOSITION,MPI,SCATTER,0.000009060,0.000000238
16,8,TRANSPOSITION,MPI,BROADCAST,0.000007153,0.000000715
16,8,TRANSPOSITION,MPI,SCATTER,0.000008821,0.000000000
16,8,TRANSPOSITION,MPI,BROADCAST,0.000007153,0.000000954
16,8,TRANSPOSITION,MPI,SCATTER,0.000008821,0.000000238
16,8,TRANSPOSITION,MPI,BROADCAST,0.000008106,0.000000238
16,8,TRANSPOSITION,MPI,SCATTER,0.000007868,0.000000238
16,8,TRANSPOSITION,MPI,BROADCAST,0.000006676,0.000000715
16,8,TRANSPOSITION,MPI,SCATTER,0.000009060,0.000000238
16,8,TRANSPOSITION,MPI,BROADCAST,0.000007153,0.000000954
32,8,SYMMETRY,MPI,REDUCE,0.000016212,0.000001192
32,8,TRANSPOSITION,MPI,SCATTER,0.000011921,0.000000477
32,8,SYMMETRY,MPI,REDUCE,0.000014782,0.000000954
32,8,TRANSPOSITION,MPI,SCATTER,0.000011921,0.000000477
32,8,SYMMETRY,MPI,REDUCE,0.000015259,0.000000954
32,8,TRANSPOSITION,MPI,SCATTER,0.000012159,0.000000238
32,8,SYMMETRY,MPI,REDUCE,0.000015020,0.000000715
32,8,TRANSPOSITION,MPI,SCATTER,0.000018358,0.000000477
32,8,SYMMETRY,MPI,REDUCE,0.000015259,0.000000715
32,8,TRANSPOSITION,MPI,SCATTER,0.000010252,0.000000477
32,8,TRANSPOSITION,MPI,SCATTER,0.000011444,0.000000238
32,8,TRANSPOSITION,MPI,BROADCAST,0.000012636,0.000000954
32,8,TRANSPOSITION,MPI,SCATTER,0.000010729,0.000000477
32,8,TRANSPOSITION,MPI,BROADCAST,0.000011444,0.000001192
32,8,TRANSPOSITION,MPI,SCATTER,0.000011206,0.000000477
32,8,TRANSPOSITION,MPI,BROADCAST,0.000012398,0.000001192
32,8,TRANSPOSITION,MPI,SCATTER,0.000010967,0.000000477
32,8,TRANSPOSITION,MPI,BROADCAST,0.000011683,0.000001431
32,8,TRANSPOSITION,MPI,SCATTER,0.000011206,0.000000238
32,8,TRANSPOSITION,MPI,BROADCAST,0.000011444,0.000001192
64,8,SYMMETRY,MPI,REDUCE,0.000028849,0.000001669
64,8,TRANSPOSITION,MPI,SCATTER,0.000028849,0.000001192
64,8,SYMMETRY,MPI,REDUCE,0.000027180,0.000001669
64,8,TRANSPOSITION,MPI,SCATTER,0.000019789,0.000001431
64,8,SYMMETRY,MPI,REDUCE,0.000027657,0.000001669
64,8,TRANSPOSITION,MPI,SCATTER,0.000020266,0.000001431
64,8,SYMMETRY,MPI,REDUCE,0.000026226,0.000001907
64,8,TRANSPOSITION,MPI,SCATTER,0.000020266,0.000001192
64,8,SYMMETRY,MPI,REDUCE,0.000025749,0.000001669
64,8,TRANSPOSITION,MPI,SCATTER,0.000018358,0.000001192
64,8,TRANSPOSITION,MPI,SCATTER,0.000025034,0.000001192
64,8,TRANSPOSITION,MPI,BROADCAST,0.000030279,0.000001907
64,8,TRANSPOSITION,MPI,SCATTER,0.000021219,0.000001192
64,8,TRANSPOSITION,MPI,BROADCAST,0.000035524,0.000001907
64,8,TRANSPOSITION,MPI,SCATTER,0.000020504,0.000001431
64,8,TRANSPOSITION,MPI,BROADCAST,0.000030279,0.000001907
64,8,TRANSPOSITION,MPI,SCATTER,0.000020742,0.000001192
64,8,TRANSPOSITION,MPI,BROADCAST,0.000029802,0.000001907
64,8,TRANSPOSITION,MPI,SCATTER,0.000019312,0.000001192
64,8,TRANSPOSITION,MPI,BROADCAST,0.000031710,0.000001907
128,8,SYMMETRY,MPI,REDUCE,0.000082016,0.000006199
128,8,TRANSPOSITION,MPI,SCATTER,0.000045776,0.000005007
128,8,SYMMETRY,MPI,REDUCE,0.000064850,0.000006199
128,8,TRANSPOSITION,MPI,SCATTER,0.000043869,0.000004768
128,8,SYMMETRY,MPI,REDUCE,0.000063896,0.000005960
128,8,TRANSPOSITION,MPI,SCATTER,0.000048399,0.000005007
128,8,SYMMETRY,MPI,REDUCE,0.000064135,0.000006199
128,8,TRANSPOSITION,MPI,SCATTER,0.000042677,0.000004768
128,8,SYMMETRY,MPI,REDUCE,0.000063181,0.000006199
128,8,TRANSPOSITION,MPI,SCATTER,0.000042915,0.000004768
128,8,TRANSPOSITION,MPI,SCATTER,0.000043631,0.000004768
128,8,TRANSPOSITION,MPI,BROADCAST,0.000078917,0.000006199
128,8,TRANSPOSITION,MPI,SCATTER,0.000044584,0.000004768
128,8,TRANSPOSITION,MPI,BROADCAST,0.000076294,0.000006199
128,8,TRANSPOSITION,MPI,SCATTER,0.000043392,0.000004530
128,8,TRANSPOSITION,MPI,BROADCAST,0.000077009,0.000005960
128,8,TRANSPOSITION,MPI,SCATTER,0.000052214,0.000004768
128,8,TRANSPOSITION,MPI,BROADCAST,0.000079393,0.000006199
128,8,TRANSPOSITION,MPI,SCATTER,0.000050545,0.000004768
128,8,TRANSPOSITION,MPI,BROADCAST,0.000075817,0.000006199
256,8,SYMMETRY,MPI,REDUCE,0.000212908,0.000023365
256,8,TRANSPOSITION,MPI,SCATTER,0.000149965,0.000026464
256,8,SYMMETRY,MPI,REDUCE,0.000187397,0.000023603
256,8,TRANSPOSITION,MPI,SCATTER,0.000152826,0.000018597
256,8,SYMMETRY,MPI,REDUCE,0.000166178,0.000023365
256,8,TRANSPOSITION,MPI,SCATTER,0.000156403,0.000018597
256,8,SYMMETRY,MPI,REDUCE,0.000172377,0.000023365
256,8,TRANSPOSITION,MPI,SCATTER,0.000162363,0.000018358
256,8,SYMMETRY,MPI,REDUCE,0.000164747,0.000023365
256,8,TRANSPOSITION,MPI,SCATTER,0.000164270,0.000018597
256,8,TRANSPOSITION,MPI,SCATTER,0.000133276,0.000018358
256,8,TRANSPOSITION,MPI,BROADCAST,0.000267744,0.000023603
256,8,TRANSPOSITION,MPI,SCATTER,0.000128984,0.000018358
256,8,TRANSPOSITION,MPI,BROADCAST,0.000245333,0.000023842
256,8,TRANSPOSITION,MPI,SCATTER,0.000133038,0.000018597
256,8,TRANSPOSITION,MPI,BROADCAST,0.000249147,0.000023603
256,8,TRANSPOSITION,MPI,SCATTER,0.000132322,0.000018358
256,8,TRANSPOSITION,MPI,BROADCAST,0.000243902,0.000023603
256,8,TRANSPOSITION,MPI,SCATTER,0.000131369,0.000018597
256,8,TRANSPOSITION,MPI,BROADCAST,0.000259638,0.000023842
512,8,SYMMETRY,MPI,REDUCE,0.000764608,0.000142336
512,8,TRANSPOSITION,MPI,SCATTER,0.000672817,0.000208616
512,8,SYMMETRY,MPI,REDUCE,0.000764132,0.000141859
512,8,TRANSPOSITION,MPI,SCATTER,0.000672340,0.000206947
512,8,SYMMETRY,MPI,REDUCE,0.000720739,0.000140667
512,8,TRANSPOSITION,MPI,SCATTER,0.000674009,0.000205278
512,8,SYMMETRY,MPI,REDUCE,0.000746250,0.000141144
512,8,TRANSPOSITION,MPI,SCATTER,0.000663280,0.000206947
512,8,SYMMETRY,MPI,REDUCE,0.000704050,0.000141859
512,8,TRANSPOSITION,MPI,SCATTER,0.000673056,0.000205517
512,8,TRANSPOSITION,MPI,SCATTER,0.000683546,0.000205755
512,8,TRANSPOSITION,MPI,BROADCAST,0.001088381,0.000150919
512,8,TRANSPOSITION,MPI,SCATTER,0.000690937,0.000204325
512,8,TRANSPOSITION,MPI,BROADCAST,0.001048565,0.000151634
512,8,TRANSPOSITION,MPI,SCATTER,0.000704288,0.000205755
512,8,TRANSPOSITION,MPI,BROADCAST,0.001042843,0.000151396
512,8,TRANSPOSITION,MPI,SCATTER,0.000669718,0.000204802
512,8,TRANSPOSITION,MPI,BROADCAST,0.001039028,0.000152111
512,8,TRANSPOSITION,MPI,SCATTER,0.000687122,0.000205755
512,8,TRANSPOSITION,MPI,BROADCAST,0.001034260,0.000150919
1024,8,SYMMETRY,MPI,REDUCE,0.003293991,0.000729799
1024,8,TRANSPOSITION,MPI,SCATTER,0.003069401,0.001206160
1024,8,SYMMETRY,MPI,REDUCE,0.002929449,0.000711679
1024,8,TRANSPOSITION,MPI,SCATTER,0.002969742,0.001135111
1024,8,SYMMETRY,MPI,REDUCE,0.002923489,0.000714302
1024,8,TRANSPOSITION,MPI,SCATTER,0.002933741,0.001109123
1024,8,SYMMETRY,MPI,REDUCE,0.003045321,0.000713825
1024,8,TRANSPOSITION,MPI,SCATTER,0.002932310,0.001112700
1024,8,SYMMETRY,MPI,REDUCE,0.002963781,0.000708818
1024,8,TRANSPOSITION,MPI,SCATTER,0.002924681,0.001133680
1024,8,TRANSPOSITION,MPI,SCATTER,0.002958536,0.001115084
1024,8,TRANSPOSITION,MPI,BROADCAST,0.004300833,0.000716925
1024,8,TRANSPOSITION,MPI,SCATTER,0.003039598,0.001134396
1024,8,TRANSPOSITION,MPI,BROADCAST,0.004258394,0.000713110
1024,8,TRANSPOSITION,MPI,SCATTER,0.003036261,0.001108408
1024,8,TRANSPOSITION,MPI,BROADCAST,0.003972769,0.000718594
1024,8,TRANSPOSITION,MPI,SCATTER,0.003045321,0.001109123
1024,8,TRANSPOSITION,MPI,BROADCAST,0.003941298,0.000719786
1024,8,TRANSPOSITION,MPI,SCATTER,0.003028393,0.001111031
1024,8,TRANSPOSITION,MPI,BROADCAST,0.003882170,0.000717640
2048,8,SYMMETRY,MPI,REDUCE,0.014132023,0.004216194
2048,8,TRANSPOSITION,MPI,SCATTER,0.017155170,0.007357121
2048,8,SYMMETRY,MPI,REDUCE,0.013332605,0.003875017
2048,8,TRANSPOSITION,MPI,SCATTER,0.016307354,0.007675171
2048,8,SYMMETRY,MPI,REDUCE,0.013575077,0.004080772
2048,8,TRANSPOSITION,MPI,SCATTER,0.015918732,0.007612705
2048,8,SYMMETRY,MPI,REDUCE,0.013661623,0.004176378
2048,8,TRANSPOSITION,MPI,SCATTER,0.015423775,0.007509947
2048,8,SYMMETRY,MPI,REDUCE,0.012824774,0.003753901
2048,8,TRANSPOSITION,MPI,SCATTER,0.015367746,0.007609129
2048,8,TRANSPOSITION,MPI,SCATTER,0.017030239,0.007321119
2048,8,TRANSPOSITION,MPI,BROADCAST,0.018978357,0.003839970
2048,8,TRANSPOSITION,MPI,SCATTER,0.016494751,0.007681131
2048,8,TRANSPOSITION,MPI,BROADCAST,0.019007206,0.003911257
2048,8,TRANSPOSITION,MPI,SCATTER,0.016550541,0.007765770
2048,8,TRANSPOSITION,MPI,BROADCAST,0.018900394,0.003902912
2048,8,TRANSPOSITION,MPI,SCATTER,0.015985489,0.007751942
2048,8,TRANSPOSITION,MPI,BROADCAST,0.018875122,0.003906012
2048,8,TRANSPOSITION,MPI,SCATTER,0.016366005,0.007820368
2048,8,TRANSPOSITION,MPI,BROADCAST,0.019234896,0.004495621
4096,8,SYMMETRY,MPI,REDUCE,0.138005257,0.041223288
4096,8,TRANSPOSITION,MPI,SCATTER,0.091625690,0.038254261
4096,8,SYMMETRY,MPI,REDUCE,0.136258602,0.041324139
4096,8,TRANSPOSITION,MPI,SCATTER,0.089417458,0.041763306
4096,8,SYMMETRY,MPI,REDUCE,0.131062031,0.039800406
4096,8,TRANSPOSITION,MPI,SCATTER,0.090668440,0.041935444
4096,8,SYMMETRY,MPI,REDUCE,0.136267900,0.040669918
4096,8,TRANSPOSITION,MPI,SCATTER,0.089604855,0.041883945
4096,8,SYMMETRY,MPI,REDUCE,0.135141611,0.040744066
4096,8,TRANSPOSITION,MPI,SCATTER,0.089487076,0.041709661
4096,8,TRANSPOSITION,MPI,SCATTER,0.083120346,0.042137146
4096,8,TRANSPOSITION,MPI,BROADCAST,0.189201117,0.026601315
4096,8,TRANSPOSITION,MPI,SCATTER,0.106129646,0.039839983
4096,8,TRANSPOSITION,MPI,BROADCAST,0.185796499,0.023776531
4096,8,TRANSPOSITION,MPI,SCATTER,0.103727818,0.041796207
4096,8,TRANSPOSITION,MPI,BROADCAST,0.197566509,0.027227163
4096,8,TRANSPOSITION,MPI,SCATTER,0.109927893,0.041899443
4096,8,TRANSPOSITION,MPI,BROADCAST,0.190845728,0.023691654
4096,8,TRANSPOSITION,MPI,SCATTER,0.106834888,0.040618896
4096,8,TRANSPOSITION,MPI,BROADCAST,0.198148251,0.026139975
16,8,SYMMETRY,MPI,REDUCE,0.000040770,0.000000954
16,8,TRANSPOSITION,MPI,SCATTER,0.000025034,0.000000238
16,8,SYMMETRY,MPI,REDUCE,0.000013113,0.000000477
16,8,TRANSPOSITION,MPI,SCATTER,0.000010252,0.000000000
16,8,SYMMETRY,MPI,REDUCE,0.000011444,0.000000477
16,8,TRANSPOSITION,MPI,SCATTER,0.000009537,0.000000238
16,8,SYMMETRY,MPI,REDUCE,0.000018358,0.000000715
16,8,TRANSPOSITION,MPI,SCATTER,0.000008583,0.000000238
16,8,SYMMETRY,MPI,REDUCE,0.000012159,0.000000715
16,8,TRANSPOSITION,MPI,SCATTER,0.000009537,0.000000000
16,8,TRANSPOSITION,MPI,SCATTER,0.000008583,0.000000238
16,8,TRANSPOSITION,MPI,BROADCAST,0.000007629,0.000000954
16,8,TRANSPOSITION,MPI,SCATTER,0.000009060,0.000000000
16,8,TRANSPOSITION,MPI,BROADCAST,0.000006199,0.000000954
16,8,TRANSPOSITION,MPI,SCATTER,0.000009298,0.000000000
16,8,TRANSPOSITION,MPI,BROADCAST,0.000007153,0.000000954
16,8,TRANSPOSITION,MPI,SCATTER,0.000008583,0.000000000
16,8,TRANSPOSITION,MPI,BROADCAST,0.000006676,0.000000715
16,8,TRANSPOSITION,MPI,SCATTER,0.000009060,0.000000000
16,8,TRANSPOSITION,MPI,BROADCAST,0.000006437,0.000000715
32,8,SYMMETRY,MPI,REDUCE,0.000015497,0.000000715
32,8,TRANSPOSITION,MPI,SCATTER,0.000011444,0.000000477
32,8,SYMMETRY,MPI,REDUCE,0.000015259,0.000000954
32,8,TRANSPOSITION,MPI,SCATTER,0.000010967,0.000000238
32,8,SYMMETRY,MPI,REDUCE,0.000015020,0.000000954
32,8,TRANSPOSITION,MPI,SCATTER,0.000011206,0.000000238
32,8,SYMMETRY,MPI,REDUCE,0.000013828,0.000000477
32,8,TRANSPOSITION,MPI,SCATTER,0.000024080,0.000000477
32,8,SYMMETRY,MPI,REDUCE,0.000015259,0.000000954
32,8,TRANSPOSITION,MPI,SCATTER,0.000010967,0.000000477
32,8,TRANSPOSITION,MPI,SCATTER,0.000011444,0.000000477
32,8,TRANSPOSITION,MPI,BROADCAST,0.000013351,0.000000954
32,8,TRANSPOSITION,MPI,SCATTER,0.000011683,0.000000477
32,8,TRANSPOSITION,MPI,BROADCAST,0.000011921,0.000001192
32,8,TRANSPOSITION,MPI,SCATTER,0.000011444,0.000000477
32,8,TRANSPOSITION,MPI,BROADCAST,0.000011206,0.000001192
32,8,TRANSPOSITION,MPI,SCATTER,0.000010014,0.000000238
32,8,TRANSPOSITION,MPI,BROADCAST,0.000012398,0.000001192
32,8,TRANSPOSITION,MPI,SCATTER,0.000010490,0.000000238
32,8,TRANSPOSITION,MPI,BROADCAST,0.000010967,0.000001192
64,8,SYMMETRY,MPI,REDUCE,0.000032187,0.000001907
64,8,TRANSPOSITION,MPI,SCATTER,0.000026226,0.000001431
64,8,SYMMETRY,MPI,REDUCE,0.000025988,0.000001669
64,8,TRANSPOSITION,MPI,SCATTER,0.000019550,0.000001192
64,8,SYMMETRY,MPI,REDUCE,0.000026464,0.000002146
64,8,TRANSPOSITION,MPI,SCATTER,0.000019550,0.000001192
64,8,SYMMETRY,MPI,REDUCE,0.000027418,0.000001431
64,8,TRANSPOSITION,MPI,SCATTER,0.000019550,0.000001192
64,8,SYMMETRY,MPI,REDUCE,0.000027657,0.000001431
64,8,TRANSPOSITION,MPI,SCATTER,0.000025749,0.000001192
64,8,TRANSPOSITION,MPI,SCATTER,0.000021458,0.000001192
64,8,TRANSPOSITION,MPI,BROADCAST,0.000029564,0.000001907
64,8,TRANSPOSITION,MPI,SCATTER,0.000020266,0.000001431
64,8,TRANSPOSITION,MPI,BROADCAST,0.000030756,0.000001907
64,8,TRANSPOSITION,MPI,SCATTER,0.000019789,0.000001431
64,8,TRANSPOSITION,MPI,BROADCAST,0.000030994,0.000001669
64,8,TRANSPOSITION,MPI,SCATTER,0.000019312,0.000001192
64,8,TRANSPOSITION,MPI,BROADCAST,0.000028610,0.000001669
64,8,TRANSPOSITION,MPI,SCATTER,0.000018597,0.000001431
64,8,TRANSPOSITION,MPI,BROADCAST,0.000029564,0.000001669
128,8,SYMMETRY,MPI,REDUCE,0.000077009,0.000006199
128,8,TRANSPOSITION,MPI,SCATTER,0.000048637,0.000005007
128,8,SYMMETRY,MPI,REDUCE,0.000064850,0.000005960
128,8,TRANSPOSITION,MPI,SCATTER,0.000044823,0.000004768
128,8,SYMMETRY,MPI,REDUCE,0.000063658,0.000006199
128,8,TRANSPOSITION,MPI,SCATTER,0.000041962,0.000004768
128,8,SYMMETRY,MPI,REDUCE,0.000061989,0.000006199
128,8,TRANSPOSITION,MPI,SCATTER,0.000041962,0.000004768
128,8,SYMMETRY,MPI,REDUCE,0.000069857,0.000006199
128,8,TRANSPOSITION,MPI,SCATTER,0.000044346,0.000004768
128,8,TRANSPOSITION,MPI,SCATTER,0.000042439,0.000004530
128,8,TRANSPOSITION,MPI,BROADCAST,0.000080585,0.000006199
128,8,TRANSPOSITION,MPI,SCATTER,0.000044823,0.000004530
128,8,TRANSPOSITION,MPI,BROADCAST,0.000077009,0.000006199
128,8,TRANSPOSITION,MPI,SCATTER,0.000049353,0.000004768
128,8,TRANSPOSITION,MPI,BROADCAST,0.000077724,0.000005960
128,8,TRANSPOSITION,MPI,SCATTER,0.000046253,0.000004768
128,8,TRANSPOSITION,MPI,BROADCAST,0.000078917,0.000006199
128,8,TRANSPOSITION,MPI,SCATTER,0.000049591,0.000004530
128,8,TRANSPOSITION,MPI,BROADCAST,0.000077486,0.000006199
256,8,SYMMETRY,MPI,REDUCE,0.000222206,0.000023365
256,8,TRANSPOSITION,MPI,SCATTER,0.000142097,0.000024796
256,8,SYMMETRY,MPI,REDUCE,0.000204086,0.000023127
256,8,TRANSPOSITION,MPI,SCATTER,0.000135660,0.000018597
256,8,SYMMETRY,MPI,REDUCE,0.000207901,0.000023127
256,8,TRANSPOSITION,MPI,SCATTER,0.000134945,0.000018835
256,8,SYMMETRY,MPI,REDUCE,0.000200987,0.000023365
256,8,TRANSPOSITION,MPI,SCATTER,0.000130892,0.000018597
256,8,SYMMETRY,MPI,REDUCE,0.000200510,0.000023365
256,8,TRANSPOSITION,MPI,SCATTER,0.000141144,0.000018597
256,8,TRANSPOSITION,MPI,SCATTER,0.000159264,0.000018597
256,8,TRANSPOSITION,MPI,BROADCAST,0.000296593,0.000024080
256,8,TRANSPOSITION,MPI,SCATTER,0.000159025,0.000018597
256,8,TRANSPOSITION,MPI,BROADCAST,0.000290155,0.000023842
256,8,TRANSPOSITION,MPI,SCATTER,0.000154257,0.000018835
256,8,TRANSPOSITION,MPI,BROADCAST,0.000291348,0.000023842
256,8,TRANSPOSITION,MPI,SCATTER,0.000144005,0.000018835
256,8,TRANSPOSITION,MPI,BROADCAST,0.000287533,0.000023365
256,8,TRANSPOSITION,MPI,SCATTER,0.000139713,0.000018835
256,8,TRANSPOSITION,MPI,BROADCAST,0.000288248,0.000023603
512,8,SYMMETRY,MPI,REDUCE,0.000840187,0.000141859
512,8,TRANSPOSITION,MPI,SCATTER,0.000736713,0.000211954
512,8,SYMMETRY,MPI,REDUCE,0.000700712,0.000141382
512,8,TRANSPOSITION,MPI,SCATTER,0.000710249,0.000204802
512,8,SYMMETRY,MPI,REDUCE,0.000711679,0.000141382
512,8,TRANSPOSITION,MPI,SCATTER,0.000702143,0.000205517
512,8,SYMMETRY,MPI,REDUCE,0.000754118,0.000141859
512,8,TRANSPOSITION,MPI,SCATTER,0.000684261,0.000206470
512,8,SYMMETRY,MPI,REDUCE,0.000745535,0.000141859
512,8,TRANSPOSITION,MPI,SCATTER,0.000666380,0.000211954
512,8,TRANSPOSITION,MPI,SCATTER,0.000719070,0.000205278
512,8,TRANSPOSITION,MPI,BROADCAST,0.001021624,0.000150442
512,8,TRANSPOSITION,MPI,SCATTER,0.000700951,0.000205755
512,8,TRANSPOSITION,MPI,BROADCAST,0.001055002,0.000152588
512,8,TRANSPOSITION,MPI,SCATTER,0.000671148,0.000204802
512,8,TRANSPOSITION,MPI,BROADCAST,0.001048326,0.000152349
512,8,TRANSPOSITION,MPI,SCATTER,0.000681400,0.000205755
512,8,TRANSPOSITION,MPI,BROADCAST,0.001035213,0.000152826
512,8,TRANSPOSITION,MPI,SCATTER,0.000680685,0.000205040
512,8,TRANSPOSITION,MPI,BROADCAST,0.001065254,0.000153065
1024,8,SYMMETRY,MPI,REDUCE,0.003281116,0.000723124
1024,8,TRANSPOSITION,MPI,SCATTER,0.003241539,0.001200676
1024,8,SYMMETRY,MPI,REDUCE,0.002905130,0.000706434
1024,8,TRANSPOSITION,MPI,SCATTER,0.003217697,0.001182318
1024,8,SYMMETRY,MPI,REDUCE,0.002896070,0.000706673
1024,8,TRANSPOSITION,MPI,SCATTER,0.002975702,0.001113176
1024,8,SYMMETRY,MPI,REDUCE,0.002751350,0.000710964
1024,8,TRANSPOSITION,MPI,SCATTER,0.003016233,0.001132011
1024,8,SYMMETRY,MPI,REDUCE,0.002892971,0.000709534
1024,8,TRANSPOSITION,MPI,SCATTER,0.002964973,0.001136303
1024,8,TRANSPOSITION,MPI,SCATTER,0.002918482,0.001131773
1024,8,TRANSPOSITION,MPI,BROADCAST,0.004474878,0.000712872
1024,8,TRANSPOSITION,MPI,SCATTER,0.002881289,0.001136541
1024,8,TRANSPOSITION,MPI,BROADCAST,0.004277229,0.000715971
1024,8,TRANSPOSITION,MPI,SCATTER,0.002846241,0.001108646
1024,8,TRANSPOSITION,MPI,BROADCAST,0.004182339,0.000717402
1024,8,TRANSPOSITION,MPI,SCATTER,0.002859592,0.001134634
1024,8,TRANSPOSITION,MPI,BROADCAST,0.004264116,0.000717402
1024,8,TRANSPOSITION,MPI,SCATTER,0.002961636,0.001109362
1024,8,TRANSPOSITION,MPI,BROADCAST,0.004214764,0.000717402
2048,8,SYMMETRY,MPI,REDUCE,0.013984919,0.004109621
2048,8,TRANSPOSITION,MPI,SCATTER,0.017125845,0.007390499
2048,8,SYMMETRY,MPI,REDUCE,0.013203621,0.004155397
2048,8,TRANSPOSITION,MPI,SCATTER,0.017729044,0.007588148
2048,8,SYMMETRY,MPI,REDUCE,0.013254404,0.004014492
2048,8,TRANSPOSITION,MPI,SCATTER,0.018378735,0.007600307
2048,8,SYMMETRY,MPI,REDUCE,0.013541698,0.003988266
2048,8,TRANSPOSITION,MPI,SCATTER,0.016446114,0.007541180
2048,8,SYMMETRY,MPI,REDUCE,0.013518095,0.004388332
2048,8,TRANSPOSITION,MPI,SCATTER,0.017472744,0.008112907
2048,8,TRANSPOSITION,MPI,SCATTER,0.016713381,0.007241011
2048,8,TRANSPOSITION,MPI,BROADCAST,0.018203497,0.003906488
2048,8,TRANSPOSITION,MPI,SCATTER,0.015785217,0.007805824
2048,8,TRANSPOSITION,MPI,BROADCAST,0.018774509,0.004526854
2048,8,TRANSPOSITION,MPI,SCATTER,0.016846180,0.008521080
2048,8,TRANSPOSITION,MPI,BROADCAST,0.019530058,0.004043579
2048,8,TRANSPOSITION,MPI,SCATTER,0.015613556,0.007731199
2048,8,TRANSPOSITION,MPI,BROADCAST,0.020406008,0.004311085
2048,8,TRANSPOSITION,MPI,SCATTER,0.016437531,0.007657528
2048,8,TRANSPOSITION,MPI,BROADCAST,0.019180536,0.003890276
4096,8,SYMMETRY,MPI,REDUCE,0.138503313,0.041405439
4096,8,TRANSPOSITION,MPI,SCATTER,0.088144779,0.038237095
4096,8,SYMMETRY,MPI,REDUCE,0.136134148,0.041419506
4096,8,TRANSPOSITION,MPI,SCATTER,0.085264206,0.042870283
4096,8,SYMMETRY,MPI,REDUCE,0.137067795,0.040973902
4096,8,TRANSPOSITION,MPI,SCATTER,0.086567402,0.041013718
4096,8,SYMMETRY,MPI,REDUCE,0.131986618,0.039680243
4096,8,TRANSPOSITION,MPI,SCATTER,0.087341547,0.040534496
4096,8,SYMMETRY,MPI,REDUCE,0.133512735,0.039939404
4096,8,TRANSPOSITION,MPI,SCATTER,0.088923454,0.042634249
4096,8,TRANSPOSITION,MPI,SCATTER,0.082650423,0.041932821
4096,8,TRANSPOSITION,MPI,BROADCAST,0.192512035,0.023247957
4096,8,TRANSPOSITION,MPI,SCATTER,0.117196083,0.057133675
4096,8,TRANSPOSITION,MPI,BROADCAST,0.185929775,0.026133537
4096,8,TRANSPOSITION,MPI,SCATTER,0.107449532,0.043280840
4096,8,TRANSPOSITION,MPI,BROADCAST,0.184464931,0.029441357
4096,8,TRANSPOSITION,MPI,SCATTER,0.103763342,0.041959524
4096,8,TRANSPOSITION,MPI,BROADCAST,0.187041044,0.040786028
4096,8,TRANSPOSITION,MPI,SCATTER,0.108616352,0.042374611
4096,8,TRANSPOSITION,MPI,BROADCAST,0.186030388,0.023569822
